subreddit,subscribers,top post score
AskReddit,18975311,131855
politics,3750389,99355
The_Donald,593980,66707
worldnews,18489004,154770
nba,1033594,39505
videos,17569818,253613
funny,19217124,291683
todayilearned,18609692,145661
soccer,897909,72946
CFB,370749,23906
pics,18423829,258406
gaming,17884911,180691
movies,17357929,349289
news,15863201,185292
gifs,15947841,213450
nfl,760860,45451
BlackPeopleTwitter,1549849,107841
mildlyinteresting,14086660,207038
leagueoflegends,1396098,68965
aww,16911577,184222
WTF,5075254,71793
Showerthoughts,13830127,137503
relationships,1072439,11001
me_irl,1080387,109329
technology,6034982,139896
dankmemes,971176,87079
DestinyTheGame,501997,68948
Overwatch,1169171,63493
television,14351701,130651
hockey,532236,61681
Bitcoin,790293,48423
Jokes,13425902,134702
MMA,490345,60305
SquaredCircle,330590,26432
hearthstone,666656,44192
marvelstudios,311738,53130
interestingasfuck,2005561,110620
Games,1037142,24785
science,18483070,194932
CringeAnarchy,333580,35953
PrequelMemes,535273,97441
conspiracy,613831,61927
AdviceAnimals,4570586,76265
fantasyfootball,307033,39937
wow,552271,55693
OldSchoolCool,12722461,129739
Tinder,839198,75872
pcmasterrace,1359696,94109
europe,1683789,94437
sports,13195021,140227
trashy,669098,86229
PoliticalHumor,356813,64077
IAmA,17855301,216147
DotA2,418622,49403
NintendoSwitch,541484,69617
hiphopheads,746868,25371
Rainbow6,355181,19736
StarWarsBattlefront,145786,161920
GlobalOffensive,627526,39445
FireEmblemHeroes,101152,15353
Unexpected,1248166,81454
dbz,159791,36009
2007scape,200013,26071
NatureIsFuckingLit,989285,92136
oddlysatisfying,1473052,92970
iamverysmart,644684,85931
niceguys,420231,47235
ChapoTrapHouse,26793,2402
legaladvice,376363,60592
CrappyDesign,961797,103069
arrow,79773,29476
Android,1112070,41752
Documentaries,12965951,123277
anime,650606,19389
MurderedByWords,432296,82950
PUBATTLEGROUNDS,544503,93622
baseball,661552,68617
hmmm,636163,57463
youtubehaiku,650482,40046
4chan,879138,53398
LivestreamFail,227416,33509
rupaulsdragrace,157112,30041
MovieDetails,587075,87973
trees,1115271,64566
TwoXChromosomes,11624485,84154
WWII,113735,53225
JusticeServed,362640,51565
explainlikeimfive,15422953,47858
JUSTNOMIL,191869,27057
h3h3productions,350957,67383
ComedyCemetery,253523,72527
personalfinance,12820639,82371
MrRobot,131247,13697
ProgrammerHumor,492387,73547
teenagers,384386,68053
books,14383767,178963
insanepeoplefacebook,444698,76831
mildlyinfuriating,844968,92322
starterpacks,432232,72899
formula1,313169,19414
de,103427,29203
apple,620281,67750
canada,352059,49478
LateStageCapitalism,275086,62586
therewasanattempt,493833,64601
MaliciousCompliance,368750,44324
Animemes,110140,25028
Ice_Poseidon,74432,51279
reactiongifs,1359348,82508
tumblr,322978,70489
xboxone,680256,70753
tifu,13144837,120407
FlashTV,111849,11927
woahdude,1682385,113148
Cricket,67396,7227
KotakuInAction,92343,37497
Futurology,12915013,146155
Sneakers,372395,61106
blackpeoplegifs,299428,50618
RoastMe,765387,47853
HighQualityGifs,746851,90285
facepalm,1177494,87659
freefolk,342074,64059
justneckbeardthings,358200,46277
traaaaaaannnnnnnnnns,33409,3556
unitedkingdom,191271,7031
wholesomememes,1304867,117620
SubredditDrama,347116,46487
StrangerThings,306852,69864
PeopleFuckingDying,630523,65752
tf2,195698,43656
TumblrInAction,394232,34292
magicTCG,239717,25880
AskOuija,152003,49373
anime_irl,220071,25747
memes,924467,58996
natureismetal,480095,51053
pokemon,880938,138605
dataisbeautiful,12919761,82094
WritingPrompts,12177514,45827
AskWomen,524750,8354
CryptoCurrency,644023,53757
ukpolitics,128674,25490
CollegeBasketball,240238,33756
cars,535806,44890
quityourbullshit,656512,98206
nottheonion,13253531,103774
Whatcouldgowrong,1004310,68214
2meirl4meirl,319357,49578
meirl,416228,66844
DnD,464910,78921
ockytop,8212,5490
pcgaming,596344,40677
Damnthatsinteresting,649287,65685
AskMen,543558,74192
LiverpoolFC,87127,11985
spacex,245407,41139
rarepuppers,550304,61804
TrollXChromosomes,366582,13140
AccidentalRenaissance,359311,69580
sweden,196012,45873
StarWars,855860,87194
UNBGBBIIVCHIDCTIICBG,414146,45695
australia,207310,54743
southpark,335998,46289
sex,886167,11288
comics,889318,68757
FIFA,148796,39854
FortNiteBR,448093,85130
grandorder,46921,2663
india,119278,18243
polandball,399347,28267
food,13113684,56820
oldpeoplefacebook,570654,70893
ExpectationVsReality,379331,55371
MadeMeSmile,541234,78664
RocketLeague,385560,34747
Music,16687949,146338
bestof,4871982,70021
Competitiveoverwatch,157940,15959
kpop,277279,10227
photoshopbattles,13015898,81326
EarthPorn,15063851,150811
atheism,2157374,50867
wallstreetbets,244854,37568
starcitizen,124508,10426
thatHappened,584636,33133
Celebs,329278,27921
philosophy,12648009,40312
PublicFreakout,319308,68358
Art,12639872,88429
HistoryPorn,865383,36712
TeenMomOGandTeenMom2,16777,1220
Suomi,77476,13922
CasualUK,113277,40091
ireland,158101,23308
UnethicalLifeProTips,390838,52164
FantasyPL,59129,8049
popheads,41971,6044
neoliberal,29975,43469
PS4,813915,49053
cats,633066,24473
MGTOW,52990,2709
btc,196974,8572
Paladins,54406,2039
Warframe,162819,28142
cringepics,904893,68046
blackmagicfuckery,509779,56324
NLSSCircleJerk,27396,3291
TalesFromRetail,419366,25785
greentext,320099,51131
INEEEEDIT,339196,54823
manga,258643,4710
sadcringe,291797,46793
Marvel,320817,36320
Fitness,6331806,29891
DunderMifflin,493832,66765
gameofthrones,1275129,47564
childfree,219496,6925
Gunners,88311,12430
BetterEveryLoop,591616,81195
france,186376,38678
blunderyears,354609,51018
antiMLM,108877,27648
whitepeoplegifs,372388,66421
DC_Cinematic,82203,10576
DDLC,84236,12713
streetwear,580979,29088
rickandmorty,757060,64756
Eyebleach,801629,72319
ATBGE,464695,44409
BuyItForLife,425502,34088
nosleep,12180396,19382
furry_irl,29140,7816
BikiniBottomTwitter,528001,59848
Justrolledintotheshop,376045,27265
BeAmazed,514944,56254
MURICA,257396,73616
GetMotivated,12868329,140329
comicbooks,582189,33310
MapPorn,441685,30201
Conservative,128616,19568
MemeEconomy,477865,51724
HumansBeingBros,500275,84478
askscience,15317824,83337
vegan,183439,21207
milliondollarextreme,28478,17480
lifehacks,1119751,46507
DBZDokkanBattle,61187,7429
guns,365716,25484
Christianity,144848,5956
SeattleWA,53672,42189
FellowKids,324183,64346
Libertarian,215419,29072
im14andthisisdeep,246087,30104
gatekeeping,245558,53460
holdmybeer,664893,58366
pathofexile,155336,21291
LifeProTips,13955957,103350
exmormon,73835,24771
MakeupAddiction,515300,11264
Eminem,41715,38734
OopsDidntMeanTo,400957,43590
opieandanthony,21667,1523
surrealmemes,274204,81346
teslamotors,241901,48776
destiny2,136650,35756
skyrim,491983,27160
ShittyLifeProTips,354995,55142
SandersForPresident,212779,87272
BattlefrontTWO,12606,819
heroesofthestorm,192313,12415
Guildwars2,170532,7381
boottoobig,292440,48712
Drama,52707,2821
space,13681780,199461
BoJackHorseman,134617,52901
TheSilphRoad,273661,6603
OnePiece,151912,11495
MechanicalKeyboards,257463,29655
ActLikeYouBelong,236733,39726
forwardsfromgrandma,158029,22614
DnDGreentext,99733,12442
forhonor,104648,16341
Minecraft,577314,38607
lego,316404,46375
argentina,59685,7026
savedyouaclick,403766,23237
esist,105261,47346
ethtrader,184529,16389
IASIP,334219,59522
crappyoffbrands,246792,30275
TwoBestFriendsPlay,39442,6217
brasil,161966,5979
fatlogic,197118,10675
dankchristianmemes,264787,58657
fakehistoryporn,270348,72254
whatisthisthing,459947,27301
MensRights,174858,30455
EnoughTrumpSpam,86325,88508
youseeingthisshit,445330,51652
reddevils,89850,18537
survivor,47296,5219
Warthunder,55062,3811
Kanye,121196,57201
smashbros,271265,36949
Wellthatsucks,590159,74471
totallynotrobots,254083,44940
Drugs,395742,29468
CozyPlaces,399517,44752
gentlemanboners,473649,17447
bodybuilding,339786,29583
Gamingcirclejerk,54264,28466
FrankOcean,68021,18895
NoStupidQuestions,486283,43607
bonehurtingjuice,173995,30148
madlads,492327,60288
UpliftingNews,12902944,131304
vancouver,77408,20389
IncelTears,63305,21133
PandR,244316,49733
StardewValley,171462,11495
programming,1016894,20943
iphone,517675,22777
softwaregore,276026,40822
roosterteeth,193017,27930
instant_regret,818758,80172
educationalgifs,559378,98287
startrek,157328,22307
shittyfoodporn,376099,60807
GifRecipes,826093,44487
assholedesign,334594,46671
thisismylifenow,420531,59251
cosplaygirls,266565,22988
doctorwho,294104,24878
Philippines,141770,11035
eu4,90020,7043
nostalgia,374211,56998
DeepFriedMemes,261402,34133
SweatyPalms,311843,43478
BravoRealHousewives,22076,833
COMPLETEANARCHY,33419,6061
gifsthatkeepongiving,250613,49670
battlefield_one,202394,27014
eagles,109961,49303
BeardedDragons,16929,1810
WhitePeopleTwitter,423937,90111
osugame,56586,8206
askgaybros,70950,12284
creepyPMs,337289,51674
evilbuildings,365246,109380
relationship_advice,487387,3511
iamverybadass,326077,64522
AnimalsBeingBros,792366,71171
RWBY,63240,3839
bestoflegaladvice,120679,9938
ilikthebred,85434,19380
ClashRoyale,175640,6207
totalwar,99430,10954
Fallout,390723,37861
toronto,110709,3271
MarchAgainstTrump,86085,84019
whowouldwin,167638,3877
minnesota,42864,61134
tattoos,971023,54817
investing,508737,13787
CrazyIdeas,324889,70700
corgi,317037,26658
Steam,485513,33870
TopMindsOfReddit,78195,36686
BeautyGuruChatter,31946,5044
AnimalCrossing,117845,28236
trippinthroughtime,749638,61207
Stellaris,91604,4735
Denmark,90478,12375
weekendgunnit,40549,2918
loseit,789003,26759
ffxiv,171604,50306
Fuckthealtright,77806,57965
UnresolvedMysteries,358384,10788
badwomensanatomy,104748,11912
britishproblems,216852,21646
financialindependence,360835,8575
bangtan,23744,1431
DIY,13525094,65512
xxfitness,253563,3876
California,62759,14770
DCcomics,174592,11896
Shitty_Car_Mods,289148,22063
Portland,91071,42244
pussypassdenied,172994,39968
PropagandaPosters,160006,23768
happy,223693,85839
Warhammer40k,66435,12519
mexico,112218,7786
CasualConversation,346055,23100
Political_Revolution,70005,40539
medicalschool,69699,10853
harrypotter,408517,47895
OSHA,437238,48619
nyc,140159,25169
MLS,80043,10139
indieheads,244469,3560
runescape,116792,8006
progresspics,355332,14531
sixers,30565,11958
stevenuniverse,115223,9051
Kappa,57496,35650
buildapc,841523,34104
AskTrumpSupporters,37167,7044
ChoosingBeggars,299288,57480
dndnext,98543,19599
Eve,93411,16674
BokuNoHeroAcademia,81993,7826
Naruto,137944,17047
4PanelCringe,183987,19760
Autos,152114,39997
ThriftStoreHauls,298002,25162
thalassophobia,263223,28983
pokemongo,769453,58011
Smite,117550,6158
AskHistorians,733727,17675
croatia,32536,1267
Yogscast,72657,3623
motorcycles,391861,24531
AnimalsBeingDerps,458211,41961
LosAngeles,109101,43337
Amd,114347,14660
barstoolsports,35863,1914
deadbydaylight,37397,2479
indianpeoplefacebook,276562,41643
BlueMidterm2018,73494,46257
nintendo,471120,34385
army,54682,19380
offbeat,359689,25046
OutOfTheLoop,830445,88051
newzealand,138131,12909
Idubbbz,135015,69044
SWGalaxyOfHeroes,40156,1373
civ,232180,22327
ShitAmericansSay,79057,5268
StarWarsLeaks,45907,1317
buildapcsales,354808,59645
nevertellmetheodds,552039,65121
SubredditSimulator,240051,64215
techsupportgore,253964,27343
40kLore,28942,2355
singapore,118116,8250
drunk,215104,88969
FashionReps,115007,56413
bostonceltics,46491,7735
Roadcam,429310,8232
muacjdiscussion,34149,1320
ANormalDayInRussia,363275,48863
HistoryMemes,98938,25226
Economics,441242,12276
Youniqueamua,23939,1977
wholesomegifs,123504,45685
AnimalsBeingJerks,873502,72887
KenM,426301,49270
Bossfight,226954,78742
90DayFiance,17629,767
geek,445392,44833
ScottishPeopleTwitter,266389,56768
ShitPoliticsSays,21553,1232
socialism,133624,23889
danganronpa,24983,1374
AreYouTheOne,4572,544
raisedbynarcissists,239817,24770
gamegrumps,148030,24453
EliteDangerous,124301,5951
FoodPorn,834675,38416
keto,552632,11432
TheRedPill,258966,5501
houston,75446,30882
WatchPeopleDieInside,315484,55939
IDontWorkHereLady,230826,38031
CrusaderKings,83635,22968
ApplyingToCollege,38054,10492
Sat,14183,564
shittyreactiongifs,269594,63049
standupshots,351561,44539
FFBraveExvius,41906,2510
thenetherlands,205451,6947
assassinscreed,97804,5782
pettyrevenge,384194,26584
vexillology,147281,23301
history,12905856,53296
Cooking,699310,19328
NASCAR,68776,59954
combinedgifs,285831,49562
QuotesPorn,366645,42881
Frugal,854074,30667
melbourne,69724,21717
GamePhysics,458747,34056
itookapicture,614230,45311
BattleRite,46059,61123
Defenders,56267,2661
holdmycosmo,305879,38990
StartledCats,365675,35246
boston,86579,18769
GameDeals,519696,17259
creepyasterisks,138741,37617
talesfromtechsupport,503776,35052
witcher,213323,40994
firstworldanarchists,448972,54074
riverdale,39672,3385
ofcoursethatsathing,347412,40013
syriancivilwar,65106,6687
moviescirclejerk,27494,7596
fireemblem,76761,4388
blogsnark,9426,193
calvinandhobbes,366877,35907
lgbt,202641,40142
NoFap,309937,4664
JoeRogan,121278,36192
Parahumans,10937,1261
canucks,21892,7243
starcraft,203443,14640
holdmyredbull,198095,26141
shittyrobots,314981,54470
wheredidthesodago,748591,61408
dadjokes,673531,35420
popping,132226,10891
SugarPine7,27405,3391
confession,445870,71485
italy,107973,11711
Kaiserreich,15345,2083
muacirclejerk,46151,8083
shittyaskscience,559869,29293
futurama,296185,35613
TheLastAirbender,225179,53402
nononono,469930,42837
DiWHY,318918,61353
TheSimpsons,204675,46094
warriors,99175,18884
Parenting,263637,9424
litecoin,197192,10828
gwent,60836,10080
RimWorld,78297,5392
Romania,68830,5813
Barca,29546,1891
nrl,17099,1252
SkincareAddiction,483661,16310
Cyberpunk,232440,30726
asoiaf,425740,18354
gtaonline,100648,5582
AskAnAmerican,37709,1677
darksouls3,188998,9012
thewalkingdead,456731,27035
FunnyandSad,206643,42736
Austin,86194,2438
WhatsWrongWithYourDog,185258,27495
cringe,731934,39192
halo,168366,12268
golf,124817,12930
darkjokes,118044,4663
PoliticalDiscussion,248940,22688
WrestleWithThePlot,52661,6054
raining,152079,31080
Breath_of_the_Wild,172060,27706
Zoomies,259558,38434
WeWantPlates,272108,33430
oculus,111134,17676
FloridaMan,250853,29207
AirForce,53343,10994
Watches,263554,16823
raimimemes,38572,10054
linux,295353,13758
Patriots,81438,30218
KerbalSpaceProgram,232354,19107
changemyview,546227,10360
gay_irl,36586,10223
actuallesbians,97395,3171
MaddenUltimateTeam,27297,576
splatoon,83584,8298
BeforeNAfterAdoption,151211,31944
The_Congress,32293,2624
disneyvacation,237222,39385
confusing_perspective,183847,27640
FloridaGators,9401,757
gadgets,13302635,69837
lakers,55562,6653
Thunder,18217,4461
woodworking,555802,31623
DuelLinks,48695,14649
AskScienceFiction,105746,1625
Trumpgret,93321,38382
youdontsurf,344114,52548
BitcoinMarkets,116093,2619
WayOfTheBern,15738,44730
trebuchetmemes,139666,110951
IdiotsFightingThings,362372,33578
Xenoblade_Chronicles,29057,1976
sysadmin,234880,13770
PSVR,58888,2036
ACPocketCamp,24000,1777
playrust,78353,7082
NYYankees,20776,4146
TheOrville,23065,11859
devils,11803,694
femalefashionadvice,420836,6115
Rabbits,62162,9947
brockhampton,37631,18379
UIUC,21563,822
FULLCOMMUNISM,53680,17634
CanadaPolitics,49348,1821
unpopularopinion,45303,1748
battlestations,497266,59204
TalesFromYourServer,129401,11667
StoppedWorking,272325,53170
Aquariums,130516,18347
Fantasy,277401,19076
medicine,166864,3987
PewdiepieSubmissions,258100,25309
gratefuldead,33647,1729
CFBOffTopic,2951,137
malefashionadvice,893739,18279
Stormlight_Archive,36480,1524
NYKnicks,27294,57392
RocketLeagueExchange,67443,1096
sandiego,48886,46551
tippytaps,202517,43868
stopdrinking,106652,22581
MCFC,18625,2775
supremeclothing,102197,5132
ChildrenFallingOver,511316,35969
OkCupid,104948,51019
hitmanimals,186971,29609
travel,884142,39670
aviation,217161,21004
powerwashingporn,277699,35528
Vive,97185,8270
paragon,37875,7507
patientgamers,190746,80466
factorio,81041,8363
MilitaryPorn,169785,22355
awwwtf,141686,22000
carporn,351996,25104
boardgames,568186,17006
funhaus,136286,18122
Justfuckmyshitup,315433,34894
Badfaketexts,142223,14684
nonononoyes,756829,75472
rage,209630,55602
succulents,127090,27537
JonTron,75631,11051
customhearthstone,42641,2922
funkopop,54015,21295
Habs,16473,1071
KitchenConfidential,95313,28735
Perfectfit,269814,40848
subaru,96460,14757
NetflixBestOf,543368,18287
GamerGhazi,16132,1146
Accounting,66940,8628
notinteresting,190614,22056
ethereum,349382,7516
starwarsspeculation,20551,446
BigBrother,60156,11450
AskEurope,24599,2582
ihavesex,127916,24636
depression,342411,4950
torontoraptors,36873,4737
DeFranco,61940,28700
twice,20234,1616
holdmyfries,216952,27508
dank_meme,193509,34134
Tekken,32871,2195
exjw,21191,1129
crochet,67727,7314
offmychest,476594,13494
newjersey,42821,66221
circlebroke2,14451,984
gardening,520369,75900
bicycling,253021,32149
Instantregret,71017,4652
Superbowl,163586,57482
AbandonedPorn,576554,34955
GenderCritical,14767,549
masseffect,150895,11305
thesims,81739,2959
ShitLiberalsSay,17353,868
chelseafc,98064,5111
zelda,339584,29820
MEOW_IRL,122185,32594
OverwatchUniversity,128946,14415
GooglePixel,90762,6354
gundeals,140671,5207
dontdeadopeninside,193528,26814
awwnime,68695,3273
circlejerk,306106,11664
Catholicism,41789,1323
NotMyJob,307449,36010
elderscrollsonline,135910,10396
ProtectAndServe,67179,13089
fo4,233046,15205
dayz,107809,4857
LegendsOfTomorrow,36108,2663
NBA2k,93191,4223
StarVStheForcesofEvil,20636,1015
The_Mueller,76951,91049
NoMansSkyTheGame,132789,29580
secretsanta,99912,4177
minnesotavikings,39206,36727
CatsStandingUp,241518,21370
Destiny,31969,1417
creepy,12138282,69162
wholesomebpt,138526,55845
CoDCompetitive,46698,1853
gaybros,105968,43134
ColorizedHistory,350007,58929
titanfall,93771,11921
WhyWereTheyFilming,305369,31872
Guitar,361233,6285
outside,360357,39986
listentothis,12866925,139089
Calgary,40124,1394
ContagiousLaughter,445389,23053
asktransgender,60112,1997
mallninjashit,127440,39586
future_fight,18855,1388
weddingplanning,64852,9484
summonerswar,50035,1301
HFY,71072,2694
blackmirror,167191,17802
sydney,52611,12420
hoi4,49462,2518
Catloaf,111701,18721
blackdesertonline,77401,5659
chicago,111526,8982
beholdthemasterrace,93159,27047
Enough_Sanders_Spam,4743,7974
darkestdungeon,45337,2896
RotMG,23886,1481
bjj,77828,4482
BabyBumps,65670,5434
skateboarding,147902,27167
PrettyGirls,192106,14284
florida,27252,80892
bayarea,75572,9618
TooMeIrlForMeIrl,120296,25311
TrueReddit,403112,5553
montreal,41626,1786
theydidthemath,301205,32878
shield,70701,12213
maybemaybemaybe,72209,20468
giantbomb,19541,2311
london,100451,23217
AccidentalWesAnderson,214074,30460
Grimdank,20516,2764
EscapefromTarkov,42782,1854
norge,86423,2776
running,398192,9960
Dragula,8011,753
nursing,60197,1789
shittyrainbow6,50684,19956
EngineeringStudents,112878,11826
Simulated,217286,48287
Impeach_Trump,48093,32820
MonsterHunter,206014,53489
electronic_cigarette,153755,15421
Boxing,146370,13095
worldbuilding,251108,15308
PartyParrot,81604,72289
illinois,9203,82074
pitbulls,65464,15132
Browns,24009,22878
cscareerquestions,151621,25958
ForeverAlone,86630,4999
writing,396504,41014
LSD,149783,13208
boxoffice,29978,1458
UtahJazz,10052,896
CitiesSkylines,146860,11210
TaylorSwift,37293,3161
Huskers,8621,695
ShingekiNoKyojin,85173,17968
perfectloops,238525,24052
analog,141392,7002
SonicTheHedgehog,19783,1795
worldpolitics,291054,42885
NYGiants,28584,17555
Atlanta,69292,70280
classicwow,17147,843
FinalFantasy,103597,9730
mitchjones,7439,979
Denver,61880,59044
germany,60347,51172
Overwatch_Memes,91972,12820
trashpandas,102504,37747
vikingstv,35403,863
proED,21769,538
philadelphia,62122,54387
environment,384442,48332
rugbyunion,65258,8850
dogpictures,199846,35919
Utah,9456,35265
TalesFromTheFrontDesk,98067,10612
HadToHurt,132860,21945
classic4chan,159432,23136
WorldofTanks,44592,1485
engrish,94322,8058
slatestarcodex,9262,318
EatCheapAndHealthy,648069,6832
likeus,281202,34816
FiftyFifty,702454,16241
Colorado,43194,33831
EmpireDidNothingWrong,248103,48494
vaporents,84372,1979
fantasybball,38058,1473
SCP,102464,10118
Iota,108800,3249
Winnipeg,17425,912
EngineeringPorn,202761,30123
howardstern,31314,798
ottawa,35639,1842
starbucks,41524,19038
WorldOfWarships,34581,2638
newsokur,20048,337
vermont,9824,91241
mylittlepony,66315,1974
coys,29150,3061
cowboys,36179,23745
CityPorn,323455,18913
Blep,146015,25014
Persona5,54347,5944
AskThe_Donald,28482,1374
sanfrancisco,83205,16172
beards,148076,22158
realasians,120287,4906
JordanPeterson,48724,2083
cosplay,199563,6253
AnimalTextGifs,232796,38375
SequelMemes,171002,55096
metacanada,16261,735
arresteddevelopment,146873,19888
sjwhate,49478,10727
redditgetsdrawn,222440,8244
Pareidolia,251179,35446
Redskins,18633,16264
frugalmalefashion,494766,3234
Military,130574,50106
jailbreak,311376,7808
ElsaGate,42237,3856
sbubby,60584,18197
2healthbars,169256,40490
lastimages,119999,38410
HailCorporate,131668,20824
portugal,32772,8790
CompetitiveHS,86330,2058
wallpapers,450648,7555
fountainpens,80525,4037
CHIBears,32076,3909
Frat,26524,2675
Sneks,143090,43301
KendrickLamar,75028,75842
Baking,156823,30588
Brawlstars,22876,1165
PerfectTiming,513972,30564
StardustCrusaders,53232,5905
beetlejuicing,128152,17436
MtvChallenge,15377,396
thebachelor,27150,1573
lotr,197513,27446
Terraria,125197,8772
casualiama,138225,8014
OnePunchMan,90905,12999
AsianBeauty,192941,6612
fivenightsatfreddys,25756,1911
Bad_Cop_No_Donut,125166,39364
BostonBruins,22869,974
rockets,24101,3813
dogs,450841,9578
UrbanHell,99727,7925
BannedFromThe_Donald,27125,47663
texas,74607,76407
bindingofisaac,103448,18160
EternalCardGame,14315,568
Awwducational,408600,39289
vinyl,285867,22621
NHLHUT,18681,19430
PenmanshipPorn,331584,42999
Firearms,67792,10252
EDC,163267,12353
Pathfinder_RPG,49200,3879
GreenBayPackers,62062,30000
EDH,48252,1317
ArcherFX,194870,38517
yugioh,72949,1590
awfuleyebrows,86416,21174
leafs,39465,6766
Everton,10519,784
breakingmom,28324,913
netflix,254477,43486
opiates,51558,1297
misleadingthumbnails,212424,34215
premed,35325,1103
PKA,34478,6033
theocho,213715,40675
OpTicGaming,31468,1983
malelivingspace,243906,28144
ContestOfChampions,25615,584
uwaterloo,23043,47147
BABYMETAL,13241,1213
drawing,271788,33669
BobsBurgers,98116,29363
CorporateFacepalm,95042,34212
TalesFromThePizzaGuy,82119,9526
dating_advice,226488,1295
radiohead,126376,24114
mechanical_gifs,286194,56342
collapse,60577,1176
hapas,9128,561
Connecticut,20604,54258
washingtondc,57782,9187
CODZombies,90475,14751
brushybrushy,106603,16184
mountandblade,56631,5677
airsoft,53926,1934
instantkarma,133055,41289
Torontobluejays,35382,33013
FFXV,55877,1394
Seattle,114024,40939
ProjectRunway,9711,372
The_Dennis,88032,76715
Izlam,21800,6548
NeutralPolitics,222842,11291
Hunting,58321,1763
CatastrophicFailure,298810,29620
islam,50563,2145
Louisville,15251,63368
Maplestory,34102,2582
horror,312904,4687
loltyler1,33387,20481
Austria,50862,793
brisbane,34443,3209
steelers,32815,17610
OnePieceTC,28826,656
beyondthebump,49122,1929
babyelephantgifs,376315,39009
CowChop,54406,48420
kpics,29019,829
TheWayWeWere,184988,24321
pyrrhicvictories,6201,814
batman,191493,32012
morbidquestions,66346,1091
tipofmytongue,342579,3254
Anarcho_Capitalism,53111,4200
SouthParkPhone,14657,701
stocks,229981,1205
trailerparkboys,92147,17502
RetroFuturism,214463,16994
JusticePorn,518187,17360
sportsbook,55372,768
AnaheimDucks,8920,1134
3Dprinting,177545,14846
webdev,210857,16468
CampingandHiking,402234,32532
PS4Deals,100980,1188
GlobalOffensiveTrade,115095,928
Gunpla,43216,1465
Homebrewing,210955,4101
LadyBoners,191206,5956
timberwolves,18283,4065
Cuphead,23470,3081
lifeisstrange,47318,6295
Battlefield,109256,15638
gorillaz,100295,16504
Anarchism,90596,22110
dwarffortress,64969,5070
netneutrality,18757,67446
Piracy,187481,21385
detroitlions,30269,42758
Seahawks,49927,3067
wtfstockphotos,130073,29538
japanlife,38037,252
holdmyjuicebox,226290,26895
RoomPorn,712081,86305
RedditLaqueristas,99853,6395
darksouls,158265,4496
metalgearsolid,100118,5022
PixelArt,105348,10039
TeamSolomid,36245,951
DetroitPistons,9434,512
clevelandcavs,31495,13689
OurPresident,25721,23592
coaxedintoasnafu,109534,54983
thepunisher,9865,1026
DCTV,2002,119
AmItheAsshole,51736,967
photography,534591,8847
h1z1,49278,2359
ExpandDong,45799,9008
Floof,57253,20548
guitarpedals,55066,3650
churning,119194,1275
CombatFootage,151907,9274
feedthebeast,49771,1842
TheWeeknd,16076,930
StLouis,28777,69736
skyrimmods,92850,4024
VaporwaveAesthetics,134137,15939
1200isplenty,163890,5580
Monero,125247,1259
shittydarksouls,39562,6744
ProRevenge,388203,52125
Turkey,24429,1443
deathgrips,36630,3587
AMA,248245,3840
lewronggeneration,139103,19662
gifsthatendtoosoon,103365,9510
vainglorygame,20799,540
skiing,133373,6544
KeepOurNetFree,46491,54821
summonerschool,154621,1550
beatles,50351,7071
FanTheories,447436,11637
spiderbro,55930,10959
Cumtown,7188,406
TownofSalemgame,20929,876
headphones,156532,16991
YouShouldKnow,775969,78096
northernlion,27498,3553
INJUSTICE,34736,53058
googlehome,53460,5898
Polska,81639,658
pittsburgh,37080,18547
math,419784,20448
Arkansas,8257,44733
climbing,173454,47593
discgolf,55469,4437
dogswithjobs,158673,47825
oneplus,79769,13602
paradoxplaza,69732,2852
MostBeautiful,169357,25638
apolloapp,132163,30306
continuityporn,62390,12232
privacy,193802,16699
forsen,15248,2741
blackcats,34261,8137
glitch_art,100356,22411
copypasta,122215,8942
TankPorn,31661,2692
LoveNikki,10422,646
belgium,62724,2119
NBASpurs,21913,10878
learnprogramming,528488,16592
DoesAnybodyElse,366286,3347
mildlypenis,122462,20846
kansascity,25340,42154
Columbus,27609,59931
StreetFighter,62430,55613
firefox,45384,1354
ProductPorn,98242,29251
EverythingScience,111375,16953
HaggardGarage,4298,352
KingdomHearts,76500,5028
exmuslim,30150,1911
CCW,58313,2511
Scotland,45029,13492
jesuschristreddit,212620,13548
linuxmasterrace,65940,7510
self,234633,57381
bloodborne,110621,3375
DeadBedrooms,71734,1366
swtor,75501,1723
SiliconValleyHBO,84798,18749
ElectricForest,21337,1174
vegetarian,96178,12700
LearnUselessTalents,414458,27247
teefies,70946,13306
kratom,40846,1422
AskUK,31033,448
Edmonton,25898,1622
speedrun,93929,14927
terriblefacebookmemes,139450,9555
FORTnITE,140196,3746
halifax,18348,3368
reallifedoodles,547417,59184
chess,89083,1785
waltonchain,19785,626
medievaldoctor,17700,1874
WouldYouRather,86973,2945
Thisismylifemeow,109033,19119
Birbs,74750,11266
PUBG,136040,9553
holocaust,3205,135
gamedev,252528,4682
daddit,78719,19341
LigaMX,6549,28034
indonesia,27154,369
hoggit,12927,473
ftm,24405,1041
ADHD,160455,1957
TheGirlSurvivalGuide,103748,4288
OttawaSenators,8781,3302
Dallas,49479,43166
holdmycatnip,140474,30329
tennis,105097,13352
DenverBroncos,29070,7100
questionablecontent,8285,402
Planetside,43638,1886
transtimelines,40211,8553
vexillologycirclejerk,28338,18784
Cubers,46102,46230
exchristian,23508,1482
awfuleverything,61762,2367
Israel,30982,2275
Borderlands,87279,2635
NEO,88677,1009
tuckedinkitties,78853,23800
fakealbumcovers,118972,30425
AntiJokes,148326,17990
AppleWatch,85132,3740
TrueOffMyChest,78706,1886
shortscarystories,196592,2957
Dogberg,104475,15485
neopets,21440,768
Xcom,57549,9140
chicagobulls,34481,5107
MarchForNetNeutrality,14214,50410
Ripple,184292,6313
japan,115084,7622
Repsneakers,82338,2395
ar15,104022,5387
steroids,46684,470
FUTMobile,16052,677
Louisiana,9463,55546
furry,47206,1463
Saints,16153,9669
Python,232523,6473
AFL,29532,7415
CatTaps,122736,28899
DesignPorn,344515,49469
WatchandLearn,190048,42541
Random_Acts_Of_Amazon,50284,387
aggies,14538,817
Wishlist,8714,67
ShitRedditSays,103271,17229
northernireland,17229,8937
amiugly,103169,1972
custommagic,11432,930
Windows10,114663,22232
CrossStitch,46616,8425
comedynecromancy,39810,11306
spaceporn,538425,44149
BMW,64478,19721
LitecoinMarkets,36787,983
IdiotsInCars,192357,27772
arizona,20274,69473
RedLetterMedia,42988,4206
paydaytheheist,54986,11131
homestuck,27529,2361
49ers,37670,9389
knitting,118697,7994
Megaten,26718,9921
DebateReligion,50855,271
Entrepreneur,397174,10344
pinkfloyd,44086,9316
needforspeed,16135,793
Jaguars,12175,24149
CapitalismVSocialism,19391,364
Buttcoin,22609,1340
Fishing,149189,31605
beer,334178,44976
Ooer,71974,18822
liberalgunowners,17824,32060
ArtefactPorn,184828,10285
MMORPG,70885,2924
Chattanooga,10017,11813
edmproduction,216949,1099
teslore,59143,742
Chargers,12688,8848
Undertale,70048,15568
Dirtybomb,12813,406
bisexual,73400,7754
HalfLife,44393,12530
baltimore,26438,6587
microgrowery,97247,1223
howto,560075,49402
bertstrips,134744,23540
uglyduckling,65218,14620
PanPorn,21960,1777
Shadowverse,23890,1036
FFRecordKeeper,19603,608
twinpeaks,70066,4119
MtF,28482,2210
Michigan,42009,50832
panthers,19381,2609
vertcoin,34444,2171
webcomics,138372,39245
USMC,25475,2132
DadReflexes,256592,79548
coolguides,358977,35859
gatech,14176,6222
christmas,33078,22394
Metalcore,49554,49626
knifeclub,45494,1012
RATS,40416,3839
Foodforthought,216351,20098
bidenbro,108184,35368
GarlicBreadMemes,76455,53730
homelab,109352,7690
bapcsalescanada,32238,582
HunterXHunter,43675,3758
PeakyBlinders,23127,823
progun,32977,1296
google,240881,61485
wowservers,23933,1802
AgainstHateSubreddits,43413,43627
ravens,18146,7575
noveltranslations,26508,1848
Blackfellas,14846,4628
stlouisblues,11916,29012
fatestaynight,23234,920
WinStupidPrizes,52622,5409
supergirlTV,26197,10639
SSBM,42351,1905
Flyers,20472,7509
China,61126,21555
brooklynninenine,56412,5777
Cinemagraphs,332805,35907
bladeandsoul,28773,1632
TrumpNicknames,6943,2601
wokekids,41628,42143
hardware,242340,1900
thedivision,134597,18824
cincinnati,21885,667
catpranks,155485,25865
pakistan,14074,624
Memes_Of_The_Dank,87731,1990
datingoverthirty,21319,457
Jeep,57171,3760
firstworldproblems,180482,13767
nvidia,89761,14963
GalaxyS8,43782,3883
playark,38366,1146
babybigcatgifs,99107,21239
greece,38383,504
ShinyPokemon,22705,584
nova,27316,1485
korea,44855,12398
MaddenMobileForums,16843,409
serbia,8820,436
specializedtools,171162,51275
horizon,61829,12423
tea,112400,8096
gamindustri,11335,555
TrumpCriticizesTrump,187656,63237
aznidentity,11212,285
goldenretrievers,48940,28307
F13thegame,22690,1220
NorthCarolina,26423,67057
outrun,184794,32245
xkcd,99869,22604
college,113970,7559
weedstocks,46352,21867
truegaming,242645,1902
OTMemes,56052,22258
Spiderman,34282,1654
borussiadortmund,13342,537
Bitcoincash,32461,458
woof_irl,173726,32919
Teachers,60295,10623
SaltLakeCity,22798,11994
me_ira,25009,5666
SantasLittleHelpers,6714,216
walmart,17922,657
westworld,364468,28874
Anxiety,163216,2897
goddesses,104699,9787
tall,71170,13660
SchoolIdolFestival,25398,1030
MakingaMurderer,55303,11397
ImaginaryLandscapes,186567,11578
MilitaryGfys,71493,8644
TalesFromTheCustomer,78241,2500
WeinsteinEffect,25562,5215
WaltDisneyWorld,53726,5337
curlyhair,93384,27087
maryland,19329,1426
HomeImprovement,338584,4825
grilledcheese,98029,28081
WarshipPorn,51124,6292
ImaginaryMonsters,163280,9935
nashville,24731,16398
showerbeer,57912,33750
BestOfReports,101092,16490
yesyesyesyesno,262587,45778
Vaping,67677,1518
MakeupRehab,31906,835
TheDickShow,6116,400
trackers,90014,4884
parrots,29735,2179
ElderScrolls,75101,16379
3DS,233685,13640
arma,51893,1675
ainbow,63523,5991
counting,14329,1230
essential,9708,293
seduction,271769,10738
heat,13596,1306
thegrandtour,123364,20078
ems,38233,1021
scifi,605782,33586
WWEGames,18799,637
slowcooking,518107,16360
socialskills,342372,4081
birdswitharms,163393,20787
gif,170226,23584
DeepIntoYouTube,354657,12096
GradSchool,38033,819
jobs,165692,6469
Psychonaut,150263,5932
Dachshund,29349,9697
Offensive_Wallpapers,65773,2458
somethingimade,209546,6211
emojipasta,65671,44896
Nicegirls,102572,28625
shadowofmordor,26912,2549
streetwearstartup,32119,829
LoveLive,18852,1102
Advice,110391,1851
comedyhomicide,29979,3301
gamecollecting,65371,36875
INTP,43222,1634
tmobile,40169,1328
Berserk,51183,3484
ScottishFootball,4809,161
catpictures,81475,18348
sewing,94619,23990
wholesomeanimemes,30239,3858
MkeBucks,15430,2911
HitBoxPorn,81222,29181
breakingbad,357846,24348
shorthairedhotties,62868,9898
synthesizers,55124,1267
elderscrollslegends,19840,2103
Aleague,8105,1361
emulation,76299,4370
BlueJackets,8950,610
UofT,15743,2485
poker,72058,803
crossdressing,31649,953
AmericanHorrorStory,74405,4295
RoastMyCar,26289,2844
EdmontonOilers,12533,946
hacking,300177,19446
Filmmakers,262191,11719
perth,17312,7459
amiibo,50901,2022
EASportsUFC,5934,217
Warhammer,68451,5918
Metal,229499,22943
trap,85466,5184
GCdebatesQT,1897,97
short,27749,713
rva,21652,3497
lossedits,12552,3905
gaybrosgonemild,22551,11856
malaysia,16767,391
bipolar,38953,1688
falcons,21982,16165
Cardinals,17191,2215
polyamory,64838,1183
simpsonsshitposting,16059,1864
MildlyVandalised,65550,21500
Birmingham,12766,22117
G59,15047,1495
ZettaiRyouiki,36364,1922
bulletjournal,64166,3305
aspergers,32096,2385
UBC,14015,548
Frisson,163128,20813
tech,128315,5389
crafts,242034,18873
StreetFights,90642,2611
Delightfullychubby,62838,9584
buffalobills,18777,40013
ThingsCutInHalfPorn,229496,19303
ios,51795,810
law,63462,26493
neckbeardRPG,48787,7645
MLBTheShow,27299,1896
jellybeantoes,51617,10229
PrettyGirlsUglyFaces,54973,7958
LawSchool,42409,3827
TheOnion,56387,34855
LabourUK,9917,1033
visualnovels,39527,1758
graphic_design,257866,32709
Miniworlds,44140,4066
alberta,14527,591
DepthHub,286243,6515
Buddhism,135102,3311
rpg,193197,7776
criticalrole,64979,6025
iOSBeta,30504,2002
wholesomeyuri,12459,1337
electronicmusic,398769,5250
EtikaRedditNetwork,6756,912
Rateme,87832,1724
engineering,177636,10748
flying,61650,4670
Twitch,303699,9519
DynastyFF,12564,141
business,394216,8026
FancyFollicles,102553,3475
rangers,16731,1410
startrekgifs,27708,22334
confessions,108434,13021
GirlsMirin,94433,24872
samharris,24886,530
ClashOfClans,118137,6764
dankruto,13793,44592
Quebec,21370,516
cordcutters,226779,62009
nier,29821,2016
CalgaryFlames,8708,609
Syracuse,5104,17961
ik_ihe,12227,3106
bonnaroo,26722,1010
Cleveland,19274,62086
MyPeopleNeedMe,168213,28381
ketorecipes,213153,4146
marijuanaenthusiasts,116087,23518
Stellar,76387,1590
CoinBase,37596,1100
Skookum,37685,6426
Vermintide,37343,6062
sportsarefun,109914,16411
CharacterRant,4091,286
asktrp,40592,345
asmr,150154,4729
Kings_Raid,15506,918
DMAcademy,51593,792
Nerf,23983,694
RobinHood,76104,1400
hearthstonecirclejerk,14411,3733
raspberry_pi,391702,29268
NewOrleans,25806,6943
oddlyterrifying,67394,15832
megalinks,103394,1254
TickTockManitowoc,9966,1531
puns,122595,34452
chemistry,195130,19445
OneyPlays,13359,1372
Fiveheads,22369,1098
rs2vietnam,11300,2671
spaceengineers,36011,1502
shitpost,54022,7995
MandelaEffect,81553,881
dragonage,73682,2112
PurplePillDebate,15277,140
thepapinis,1598,46
navy,32564,1266
Disneyland,38817,12673
TokyoGhoul,36785,1630
ScarySigns,37656,10993
weightlifting,48770,2902
netsec,245766,3930
YouSeeComrade,122686,22492
Astronomy,327395,11099
nothingeverhappens,59961,7387
ufc,90464,16845
DetroitRedWings,28488,2716
linux_gaming,60635,1923
greenville,4751,42332
lostgeneration,44046,10547
WhyTheCircle,7623,822
Emo,21498,571
PuzzleAndDragons,28071,1018
cigars,49538,880
NotHowDrugsWork,59545,8172
finance,148193,1142
winnipegjets,7373,530
WWE,69854,1683
entertainment,413152,7400
playstation,86200,14809
HeavySeas,109226,18147
Glitch_in_the_Matrix,223926,5704
bigdickproblems,60815,2077
GameStop,13466,326
bengals,15447,4947
CrackWatch,96021,12133
travisscott,11777,596
unstirredpaint,93314,16295
Screenwriting,144734,1676
PhonesAreBad,31626,3605
quotes,153466,11893
CryptoMarkets,135959,4300
hajimenoippo,7103,225
EDM,178349,21454
Coffee,192402,3078
yesyesyesno,139246,13008
suns,9230,9626
Heavymind,99240,8986
TheAdventureZone,34447,2476
GrandTheftAutoV,190589,15593
MindHunter,18468,1438
skeptic,110469,1961
HelloInternet,34243,2949
minimalism,291442,21657
freebies,575367,44108
footballmanagergames,45108,2446
thingsforants,103344,11841
ShitWehraboosSay,15547,753
rant,41068,7832
granturismo,16907,652
RussiaLago,33568,36384
wildhockey,15261,2228
forza,44861,3137
itsaunixsystem,100451,5944
DungeonsAndDragons,91677,26953
aoe2,34485,1745
humor,607632,21105
MTB,84431,1134
recipes,495714,5882
Dodgers,23721,2719
gunpolitics,20873,1397
ShokugekiNoSoma,23708,999
OverwatchCirclejerk,13129,2338
Brawlhalla,21763,1153
ImaginaryCharacters,70700,2360
BigCatGifs,66827,15044
ActionFigures,19215,668
Breadit,101060,5527
music_survivor,8463,1114
shiba,35458,4023
curledfeetsies,52721,11504
stepparents,8242,141
bodyweightfitness,639024,11842
americangods,20300,890
gaymers,69330,16549
psychology,355189,13751
pugs,43510,2508
Nootropics,131660,1087
Unity3D,77116,4886
LatinoPeopleTwitter,57189,19801
asianpeoplegifs,104093,28739
panelshow,38341,1487
VarusMains,1893,110
chile,32666,612
wicked_edge,104291,8897
hmmmgifs,43628,7513
ImaginaryMindscapes,66682,11163
LetsNotMeet,336074,12316
AskNYC,27937,1612
androidapps,122831,2360
HillaryForPrison,54683,44005
FifaCareers,26854,960
thesopranos,19393,612
toosoon,135779,22216
Target,10027,448
CatsAreAssholes,70705,21201
BleachBraveSouls,16660,484
Anticonsumption,83691,5348
DataHoarder,82192,3072
killingfloor,30137,1070
TVDetails,40601,2769
JUSTNOFAMILY,31180,3426
rawdenim,48187,2374
submechanophobia,84862,6949
TooAfraidToAsk,104899,1895
Granblue_en,14753,450
CHICubs,24971,29563
TheDepthsBelow,207279,34177
architecture,127714,11584
recruitinghell,28969,1986
nathanforyou,21876,2048
pacers,7170,450
serialkillers,82102,3452
DCEUleaks,9085,553
weightroom,123671,3271
brandnew,21579,1620
AndroidGaming,118213,25291
blender,70510,57055
onejob,62001,3697
geopolitics,83946,3384
TheBluePill,41771,2284
sexygirls,75328,5221
Judaism,21277,1930
IndiaSpeaks,10209,159
getdisciplined,298545,4704
ucf,14096,649
DebateAnAtheist,21709,903
unixporn,97655,3178
WeAreTheMusicMakers,274873,6221
thisisus,17807,657
bitchimabus,71933,7633
astrophotography,193802,16042
MealPrepSunday,523424,15337
answers,138909,651
salty,10512,957
TrueSTL,13578,1393
Shitstatistssay,18393,597
shittysuperpowers,11851,2516
Konosuba,17772,1249
programmingcirclejerk,13714,409
hiking,185953,9999
OSU,13565,982
Indiemakeupandmore,37258,821
transpassing,30172,1204
wyoming,3761,44913
languagelearning,115694,6912
GunPorn,78779,5979
cripplingalcoholism,28999,738
AskCulinary,139697,1195
starbound,71558,11141
whatsthisbug,74149,4830
community,170160,18609
UMD,10411,465
Iowa,11678,66718
13or30,35826,4744
everymanshouldknow,346281,16261
KGATLW,11348,833
hardwareswap,83081,1349
vegancirclejerk,12588,1031
Supernatural,74160,6246
AyyMD,31994,132850
LeftHanging,29523,999
gay,54432,5400
Pizza,118780,8929
Braves,18863,1011
disney,109015,28402
SupermodelCats,26875,2662
weed,67655,1696
fantanoforever,24231,39465
NotKenM,62784,14590
Amish,19526,14590
Meditation,277615,13767
LinkinPark,15620,30214
DivinityOriginalSin,53926,3133
namenerds,26179,498
Animewallpaper,53649,4940
japanpics,76899,11683
TryingForABaby,18249,457
GamingDetails,48407,3383
Diablo,167745,22275
Republican,40645,692
EnoughMuskSpam,8822,900
AwesomeCarMods,67356,4494
delusionalartists,194404,16310
DarkSouls2,94359,2489
ripcity,14030,622
CanadianForces,11679,628
fifthworldproblems,87265,1990
husky,31795,1137
onguardforthee,15837,6082
MNTrolls,1706,65
SelenaGomez,34325,2295
classicalmusic,168489,2287
ScenesFromAHat,55571,1003
Doom,35260,1972
RPDRDRAMA,11271,1022
LongDistance,52324,1266
Design,299973,53404
XWingTMG,21952,631
guineapigs,20879,2248
socialanxiety,86316,24394
DesignerReps,43581,1398
mlem,59188,5043
alexandradaddario,41706,5840
teenmom,19917,1222
rolltide,7462,617
madisonwi,17562,478
Sacramento,19876,41789
Bestbuy,10466,345
ukraina,32551,481
Tendies,37168,2056
WikiLeaks,99418,23227
denvernuggets,7577,441
POTUSWatch,11739,365
EnoughLibertarianSpam,17252,2252
malefashion,96174,2132
keming,99231,11002
ModernMagic,39488,766
tolkienfans,56602,3498
Madden,37823,973
SFGiants,23958,3199
labrats,23181,1633
powerlifting,66355,7439
CalamariRaceTeam,25349,1160
democrats,54185,54407
MechanicAdvice,76546,1135
Jazz,88997,29551
pokemonduel,13317,676
foxes,72602,9752
vandwellers,166484,11830
ArtPorn,173602,2930
foodhacks,300801,10706
virginvschad,12130,2006
Stargate,35738,2585
Megumin,22301,2286
hittableFaces,44202,55993
delusionalcraigslist,48334,2292
hardcoreaww,153901,21397
Borderlands2,65379,5102
HIMYM,99938,6062
OffensiveMemes,47515,1302
SuicideWatch,84660,1051
GilmoreGirls,21339,1538
absolutelynotmeirl,85542,13773
AmateurRoomPorn,119056,9839
FormulaE,10661,192
Blink182,22915,2347
FreeKarma4You,5648,829
TrueFilm,140162,3402
wisconsin,22480,51840
cirkeltrek,13685,4736
AskFeminists,14523,94
phoenix,30206,9022
JimSterling,12381,603
DanLeBatardShow,12958,656
germanshepherds,33693,8802
TwinCities,26026,8856
mvci,8542,405
livepd,5018,142
drunkenpeasants,8754,342
omise_go,35414,904
mealtimevideos,153865,4860
AdmiralBulldog,11120,911
PersonalFinanceCanada,65501,1030
CallOfDuty,82323,5385
FoundPaper,50345,18563
Metallica,19371,938
flightsim,29337,1692
Earwolf,15510,865
CallOfDutyWorldWarTwo,14857,270
KingOfTheHill,48017,5012
Embroidery,26169,9588
OutreachHPG,8042,708
bakchodi,10383,312
raleigh,20075,1482
sugarlifestyleforum,17733,128
SS13,9846,477
ComedyNecrophilia,25221,2785
nyjets,16104,1849
oaklandraiders,17635,3151
Feminism,93410,10023
adventuretime,177709,19226
Scotch,65771,927
SuddenlyGay,83796,18966
rocketbeans,24339,1357
ArianaGrande,32658,1404
grandrapids,12878,1421
GoodFakeTexts,40008,3888
drumcorps,12698,725
northdakota,3645,56429
economy,89933,824
iiiiiiitttttttttttt,70408,12377
javascript,235671,2644
SouthDakota,2755,68284
onewordeach,21544,262
Negareddit,13233,733
networking,112476,1273
NorthKoreaNews,41252,1261
criterion,19023,546
fnv,36533,1477
shrooms,62914,1439
orlando,25235,1976
me_irlgbt,14191,2721
urbanexploration,444903,30994
JRPG,44051,694
PlayStationPlus,51689,736
AccidentalCamouflage,17415,1665
razorbacks,3497,246
blackladies,19515,756
TheNewRight,24425,17204
morbidlybeautiful,42075,3587
simracing,30591,2191
minipainting,48781,2150
MemoryDefrag,12129,217
wallpaper,394279,5713
shittykickstarters,77708,3251
vaxxhappened,19958,2135
transpositive,21835,1078
Porsche,31391,1385
IncrediblesMemes,16399,2817
BreadStapledToTrees,72542,35184
evangelion,32640,1761
bettafish,29790,13164
LosAngelesRams,11126,5614
piercing,45371,968
dragonballfighterz,57642,5809
KNCPRDT,350,191
animegifs,67687,3951
orangecounty,24785,1319
CatSlaps,92340,20021
Tennessee,9293,11878
avengersacademygame,6284,499
SpaceXMasterrace,7249,1558
warcraftlore,25995,263
mobilelegends,12695,316
straya,34682,11505
Prematurecelebration,228160,59150
progmetal,45410,945
youtube,132433,19017
touhou,18482,893
southafrica,48519,21535
CatGifs,61613,12648
StonerEngineering,118580,26709
techsupport,211709,40711
adultery,16691,184
weezer,10744,1604
minecraftsuggestions,23056,1055
Rowing,19170,2283
uberdrivers,19907,363
tezos,7710,365
snakes,35724,1206
PornhubComments,69079,20174
mycology,64715,3303
OWConsole,21209,740
hawks,31197,2494
badhistory,111295,7479
shameless,36023,1971
absolutelynotme_irl,117348,22733
StoriesAboutKevin,46787,1755
CGPGrey,90069,13411
Trucks,38558,1882
discordapp,94336,9243
tampa,21632,2276
WackyTicTacs,53222,7035
DNCleaks,16334,44968
askcarsales,31311,285
LGBTeens,27077,1469
breastfeeding,25985,713
6thForm,5888,573
videogamedunkey,39356,5419
ussoccer,25775,5475
transgender,42176,1306
electronics,98799,13722
mtgfinance,26354,736
HouseOfCards,80293,16415
gravityfalls,63361,5505
Minneapolis,28409,781
communism,49186,1419
mississippi,4537,489
Monstercat,34649,51573
sexover30,37002,828
transgendercirclejerk,11877,703
qotsa,16060,1217
castiron,52625,1903
MachineLearning,256873,2322
boulder,16985,1116
Miata,24600,1358
rust,36154,1078
kittens,26703,1578
badtattoos,130432,14803
flashlight,32056,1057
SHAYTARDS,2647,275
tacobell,23131,16102
r4r,151059,1645
subnautica,45821,4476
LatinaCuties,59114,3050
zuckmemes,18940,9892
eatsandwiches,89481,2224
PvZHeroes,5853,315
LearnJapanese,105443,3698
WiggleButts,24296,5941
tfc,4437,584
knives,118727,5786
WestVirginia,5733,231
killthosewhodisagree,41454,2883
GTAV,102605,7327
SCJerk,5210,387
joinsquad,23420,804
ImaginaryTechnology,96859,5544
Paranormal,185043,1941
tiltshift,95041,23607
DnDBehindTheScreen,103088,2714
DaystromInstitute,39973,842
CompetitiveForHonor,19226,582
ultrawidemasterrace,31798,1062
wiiu,194959,6732
gallifrey,56415,1985
PowerLedger,12833,282
DankMemesFromSite19,16758,2137
CanadianMOMs,12958,207
fcbayern,13448,434
WordAvalanches,80943,6764
AskEngineers,81175,790
theydidthemonstermath,33835,1269
magicthecirclejerking,8490,1099
ArtisanVideos,372258,5506
Graffiti,187089,11830
badphilosophy,32432,984
occult,69912,8170
Harmontown,21301,733
BPD,29934,512
miamidolphins,15767,3577
HumanPorn,174323,19289
peloton,29809,768
NiceHash,28109,1603
kancolle,13147,497
GenderCynical,4740,229
web_design,314189,71354
slavs_squatting,71162,13375
GalaxyNote8,16582,398
vita,67133,1417
Fantasy_Football,35756,546
Goatparkour,56566,4903
Flipping,87061,7106
berkeley,15506,7125
greenday,16414,766
shutupandtakemymoney,396538,73581
stalker,18511,806
audioengineering,97269,865
perfectlycutscreams,15965,2656
Ultralight,76489,18865
ArchitecturePorn,202708,18385
neutralnews,40293,10029
solotravel,189191,33449
HomestarRunner,28272,2344
camping,211234,34896
EmilyRatajkowski,47652,4335
galatasaray,2246,85
Mustang,29827,799
spotify,76650,962
AlisonBrie,52719,3833
PuertoRico,7798,6882
AtlantaUnited,10461,1300
motogp,32063,1943
MensLib,33546,2465
rantgrumps,5627,242
SargonofAkkad,18522,688
lawschooladmissions,14242,618
SanJoseSharks,15905,3398
Georgia,10412,41419
MasterReturns,88007,25063
humblebundles,14400,329
RealEstate,88287,378
PuppySmiles,55808,11230
donaldglover,60957,9470
ColoradoAvalanche,9910,828
IgnorantImgur,38508,12466
fasting,64303,2399
photocritique,142488,3284
2meirl42meirl4meirl,25986,3567
TrollCoping,9698,1309
AlexisRen,38175,2959
AMADisasters,53812,3500
poppunkers,37370,724
jerma985,11227,1587
snowboarding,156146,6970
battlefield_4,95282,5469
subredditcancer,24846,7865
techsupportmacgyver,117395,14129
infertility,8117,198
Tennesseetitans,11115,6363
drums,55041,1188
WeatherGifs,166726,30505
OFWGKTA,28152,1361
InternetStars,27440,741
SophieMudd,34805,2349
HiTMAN,20847,2161
surfing,48001,1615
GoldandBlack,15069,525
Thailand,18085,1254
ArkEcosystem,21458,558
YUROP,13463,8083
AccidentalComedy,119224,41935
electricians,29515,987
UnearthedArcana,38289,1120
okeechobeemusicfest,4138,161
grime,22001,639
cycling,53204,338
makinghiphop,61845,1897
nasa,236647,11047
Wellworn,74536,10536
thinkpad,28585,908
LowSodiumDestiny,11130,461
blop,72049,6667
diablo3,118958,1559
thecatdimension,99575,18580
musictheory,115290,7322
Lisk,29137,4427
PhantomForces,6818,359
canadaguns,12337,499
infp,32774,879
consulting,37539,517
OldManDog,20009,2225
Silverbugs,18983,385
NewYorkIslanders,8997,383
AccidentalShoeLoss,5511,599
LonghornNation,7636,304
FanFiction,16762,327
learndota2,26055,2444
residentevil,32035,2165
Physics,312307,29866
VictoriaBC,14005,1001
gainit,134643,9771
kindafunny,13708,598
aves,37028,1387
ABoringDystopia,27468,28571
latterdaysaints,12509,389
Shadowrun,19969,478
seinfeld,81442,91532
ARK,51080,1425
budgetfood,119686,717
askwomenadvice,58339,174
badunitedkingdom,1511,93
swanseacity,2436,165
battlefield_live,10071,414
IowaCity,4077,2798
retrogaming,56572,14554
Purrito,35429,10339
crossfit,69317,7116
justlegbeardthings,39192,10027
TheEricAndreShow,25353,2996
Texans,18716,7388
lularoe,4613,396
Re_Zero,23502,1297
hardstyle,16007,333
japancirclejerk,14315,702
realmadrid,22610,2051
sabres,7825,352
newsokunomoral,3229,144
JustBootThings,13848,1207
ElizabethTurner,31313,4831
NFL_Draft,30566,1189
LushCosmetics,15174,428
porterrobinson,14224,1083
asianamerican,18613,634
GirlGamers,52813,2705
SubredditSimMeta,67991,8928
cutelittlefangs,14112,986
betterCallSaul,121742,20216
suggestmeabook,135379,785
FuturamaWOTgame,5655,281
ForwardsFromKlandma,15539,976
ABCDesis,11495,316
ontario,27263,670
madmen,45690,1963
titlegore,77938,3536
cableporn,118796,17294
TheoryOfReddit,84246,1815
Stims,22159,738
civbattleroyale,11307,1094
gifextra,75140,21182
coins,22044,462
punk,58163,6742
MapsWithoutNZ,39184,12525
VinylDeals,30989,488
OrlandoMagic,6923,447
cardano,60765,1209
FlarrowPorn,12921,677
Truckers,7950,550
GalGadot,27295,2486
WastedGifs,177360,17250
dashcamgifs,59644,13714
RachelCook,29328,2416
MDMA,41432,726
Colts,14535,11704
Dogtraining,83009,1680
awesome,92008,18631
twentyonepilots,25628,1116
Nioh,27991,948
NHLStreams,111968,4102
spongebob,41864,5613
imaginarymaps,62395,10093
nbastreams,215312,815
fatpeoplestories,119574,6239
audiophile,211407,18582
Infinitewarfare,30103,1599
GearsOfWar,29615,1052
sto,17108,279
NattyComics,2612,633
AsianLadyboners,11751,544
WoT,25481,708
FitAndNatural,77418,6923
painting,52071,1634
pharmacy,26444,373
howyoudoin,50868,13901
undelete,76342,39586
Multicopter,50404,3177
mac,192454,2666
malehairadvice,95179,22435
EmiliaClarke,31992,1168
Mariners,16865,1560
barkour,97734,23149
biology,215197,2275
restofthefuckingowl,126374,23611
TrueDoTA2,27710,688
simpleliving,115373,1498
wikipedia,210543,2645
lightshope,6001,218
HPfanfiction,18520,526
KarmaConspiracy,90076,3501
IWantToLearn,327977,1592
centerleftpolitics,3067,14724
indianapolis,17405,1113
dvdcollection,20133,668
nattyorjuice,10517,228
penguins,24997,4000
indianews,11902,122
adventofcode,4269,205
swordartonline,32206,1265
googleplaydeals,72315,1301
classiccars,33001,865
Lineage2Revolution,11365,339
tinyanimalsonfingers,22385,1859
NarutoBlazing,19601,435
NoNetNeutrality,2163,235
geekboners,22711,766
incremental_games,41794,3183
Adelaide,12449,494
Throwers,12946,389
longboarding,72651,2188
DaftPunk,43417,10529
Health,253260,12692
howtonotgiveafuck,275563,19223
Animalsthatlovemagic,55578,14275
MBMBAM,19594,1206
IdleHeroes,15217,389
sadboys,16694,519
BitcoinBeginners,59217,274
Astros,15423,9869
FilthyFrank,61080,15708
inthenews,44587,8900
zootopia,9370,4122
Audi,32444,945
longboyes,8574,1001
xxketo,56949,671
ShitRConservativeSays,8772,3458
DragonMaid,7535,611
Surface,63196,3303
Slovenia,3747,289
ShouldIbuythisgame,157373,572
Marriage,24732,403
QuakeChampions,13626,576
badmathematics,13707,485
intj,39415,793
notliketheothergirls,12685,1387
FreeKarma4U,2311,482
redneckengineering,61404,14832
nhl,87341,5608
bourbon,56400,721
lastminutetrips,1737,138
Logic_301,12568,1580
Detroit,25229,4058
MovieSuggestions,64697,498
Broadway,18157,448
Welding,36454,2018
LittleWitchAcademia,7516,602
JacksFilms,23188,4368
linguistics,114551,1757
jacksonville,8681,298
Purdue,10965,550
Tucson,12142,1226
pornfree,49992,555
badeconomics,26029,625
Dogfree,2799,284
SyrianCirclejerkWar,2489,201
LegalAdviceUK,14469,1005
PlantedTank,46733,1978
Stoicism,81143,1805
piano,73884,11350
Cosmere,12669,437
bikecommuting,34986,1214
ShittyAnimalFacts,66018,6851
Glocks,29568,613
GolfGTI,19591,2101
stephenking,37446,12261
Finland,18369,1211
Alabama,8775,33649
bravefrontier,38313,655
glasgow,13842,531
doggos,32749,32252
ghibli,54186,13446
Frasier,13392,2347
PHP,64950,731
Houseporn,53716,1021
veganrecipes,86845,1237
Albuquerque,9547,346
juul,15855,792
battlefront,18206,1440
amazonecho,63220,4297
conspiracyundone,5623,125
saskatoon,8336,377
raidennetwork,4235,120
SwordOrSheath,39916,994
hockeyjerseys,13252,990
ramen,91225,13708
3amjokes,90013,5984
stunfisk,30036,567
reptiles,25857,1848
SamandTolki,3209,398
ElectricSkateboarding,8817,150
labrador,19380,855
androidthemes,76612,2555
KnightsOfPineapple,37247,4243
MetalMemes,37548,1988
RepLadies,14465,303
communism101,32672,423
smoobypost,58837,13371
mechmarket,31813,583
hottiesfortrump,18282,809
lanadelrey,15360,918
ShittyGifRecipes,21074,1148
ProjectFi,29762,840
AskDocs,49076,439
PleX,74326,2663
CWArrow,4420,85
iwatchedanoldmovie,46391,4439
amateurradio,34429,3220
goodyearwelt,62211,1187
askphilosophy,66822,301
samuraijack,27243,12489
Morrowind,31519,2373
dayton,5728,553
IsItBullshit,96259,560
ManyATrueNerd,11362,642
Wellington,11428,317
MeanJokes,78677,3023
MoviePassClub,16682,938
ich_iel,12044,1311
arcticmonkeys,21043,1739
EtherMining,40987,641
georgiabulldogs,4170,393
roblox,22848,543
Swingers,46252,388
Stance,18226,550
tuesday,2669,155
ducks,4560,310
BadMensAnatomy,7197,865
instantbarbarians,92130,27769
berserklejerk,9711,732
PlanetCoaster,34346,3973
Marijuana,104048,1820
aSongOfMemesAndRage,42847,10928
USPS,6081,181
SSBPM,25948,2191
russia,31490,1053
WhereAreAllTheGoodMen,9561,393
Volkswagen,35076,1106
IOTAmarkets,27031,829
DesirePath,83386,6890
PhotoshopRequest,58420,1187
DebateAltRight,4043,206
C25K,70481,4683
redditmobile,46643,14991
DaisyRidley,22426,4436
Malazan,12253,434
Gameboy,27849,4058
tucker_carlson,10487,689
see,58093,9603
Nepal,6101,210
dogecoin,116002,9507
functionalmemes,8008,1825
Punny,115767,10116
dotamasterrace,9658,528
TrollYChromosome,223167,16644
backpacking,339738,7437
EmmaWatson,87365,4797
whatsthisplant,63391,1165
FortniteBattleRoyale,35544,945
InterdimensionalCable,43086,2047
Gundam,31870,1172
intel,25420,716
RunawaysTV,3660,306
IWantOut,150352,617
bigboye,84745,21597
TeamFourStar,15192,711
mbti,23312,351
PipeTobacco,22596,416
hungary,27800,510
DestinyFashion,15382,802
CFA,12192,268
catbellies,25599,3266
SevenKingdoms,689,89
rpdrcringe,4034,241
ARMS,16947,1061
oasis,7910,802
cocktails,74737,2218
characterdrawing,31620,1515
mcgill,8178,186
trypophobia,31176,2912
SpaceXLounge,14713,1027
yoga,149634,2600
uruguay,3524,179
ReallyBigShow,1134,60
bleach,32268,2414
i_irl,10070,5149
Tiresaretheenemy,37182,1528
CountingOn,4630,225
homegym,43169,628
NobodyAsked,50425,5621
WeirdWheels,36099,1739
martialarts,36904,436
edefreiheit,1959,91
iosgaming,54093,686
POLITIC,32699,548
redsox,34848,2933
Rainbow6TTS,9967,656
Watchexchange,29440,480
dubai,13746,318
Honda,32997,927
MildlyStartledCats,29646,1750
hamptonbrandon,5684,674
modum_io,6393,166
Reformed,10920,221
RLFashionAdvice,10673,510
FreeCompliments,43425,13905
StallmanWasRight,20362,4141
ftlgame,38555,4203
BasicIncome,51734,3872
bassnectar,13699,371
Mavericks,12740,1078
worstof,50041,1188
LDESurvival,9349,479
gamernews,176905,3506
UnsentLetters,66702,1696
TropicalWeather,42263,46132
phish,25748,2254
StockMarket,112169,1204
nin,15848,1015
hockeyplayers,20858,572
30ROCK,43074,6454
GeometryIsNeat,28590,3261
minimalcatart,5947,940
amibeingdetained,80393,3473
ynab,44227,369
humblebrag,63429,2778
scuba,38143,1733
Miami,17265,687
MUAontheCheap,11447,264
ImaginaryLeviathans,87583,5387
haskell,32148,677
Charlotte,20668,3152
greysanatomy,25955,629
alternativeart,67912,5118
Moviesinthemaking,132532,39863
virtualreality,51965,1172
toofers,16932,809
SovietWomble,48158,9180
wowthanksimcured,22358,2415
happycowgifs,59873,10667
loadingicon,63928,7667
RedHotChiliPeppers,22553,1067
FixedGearBicycle,34099,1091
mopeio,6119,147
Nicki_Minaj,18479,1061
sanantonio,18485,1875
sousvide,49911,1657
researchchemicals,31708,453
oneliners,32913,1106
podcasts,194359,3827
sales,38351,538
justicedemocrats,6268,3701
TrollXFunny,7558,751
AMD_Stock,6318,235
BeautyBoxes,31224,609
catsareliquid,31431,3932
Watercolor,33067,1713
AceAttorney,17716,855
battlecats,8842,256
MoviePosterPorn,94515,3317
beta,325681,44317
TheExpanse,37083,9988
Hammers,5676,278
LilGrabbies,28943,1726
redditsync,101148,22352
reckful,16403,782
Delaware,7199,38389
reddeadredemption,31851,7321
steak,41656,936
Lost_Architecture,17997,1324
PlayItAgainSam,60606,1675
SonyAlpha,21154,475
noisygifs,107070,10974
sneakermarket,37291,446
haikyuu,10282,263
rapbattles,10615,397
FeMRADebates,5996,133
Horses,20440,567
SympatheticMonsters,48347,9546
amazon,47938,882
glassheads,34347,599
KarmaCourt,98792,14636
smoking,55042,2399
woweconomy,46506,533
learnpython,115684,971
DrugNerds,49857,513
transformers,15228,2043
HollowKnight,11798,587
AsianCuties,74106,1964
RPClipsGTA,2091,211
195,21039,27412
milwaukee,14961,488
infj,29274,573
LINKTrader,8688,203
cocaine,19487,487
jakeandamir,16779,2155
pyrocynical,59172,4174
dashpay,20716,195
AskMenOver30,41039,317
AskALiberal,2793,67
celebritylegs,12595,266
Juve,7135,325
Switzerland,15447,850
MobiusFF,12035,305
kateupton,52460,2450
ToolBand,32738,1418
vegas,23353,42899
BGCCircleJerk,5262,255
Bloggers,4178,20
CruciblePlaybook,38076,1188
bigniggasaga,10657,1164
MemeChimera,5694,1163
YMS,18116,750
ak47,21756,654
uspolitics,11894,1394
Cigarettes,13399,621
robotwars,7150,245
oregon,23757,60949
orangetheory,17427,656
aliens,53684,699
CFL,9787,578
talesfromcallcenters,60122,2473
wlw_irl,4179,495
samoyeds,18067,1141
Rainmeter,107298,15694
projectcar,55344,2985
Bandnames,45915,1595
DCComicsLegendsGame,4805,146
LPOTL,21225,779
annakendrick,34636,4967
APStudents,14152,3550
Ingress,33118,2077
nerdcubed,37137,1483
MachinePorn,174906,24893
7daystodie,29858,809
MarchForScience,25379,38909
nutrition,181151,358
Gumcels,8560,2161
bigboobproblems,38712,3118
KidsAreFuckingStupid,63359,7390
Professors,10708,247
intermittentfasting,81549,2193
TampaBayLightning,9314,612
NoSillySuffix,27070,12264
intrusivethoughts,50686,1329
IndieGaming,96202,2234
GBDS,29936,14323
KillLaKill,21328,2304
leaves,60652,3594
LucidDreaming,192047,2484
DestinyLore,12420,270
Transmogrification,29285,799
ft86,13376,410
bladerunner,18582,1492
CLG,15771,3733
FifthWorldPics,74098,2369
Moescape,14305,599
pic,70561,10276
BarbaraPalvin,16149,1058
katawashoujo,16346,838
RoughRomanMemes,8583,936
gentlemanbonersgifs,48568,4717
evilboats,6337,393
findareddit,115621,7267
Vaporwave,87076,4800
boop,47827,3339
xmrtrader,43593,303
killthecameraman,39219,4372
OldSchoolCelebs,27169,1201
Achievement_Hunter,18964,704
beermoney,243672,1642
Hawaii,21148,7792
AirBnB,12269,180
ableton,51701,22497
CharlotteHornets,6880,2851
Metroid,27645,8280
csgo,66577,1173
dresdenfiles,21379,1470
beerporn,52853,1778
HuntsvilleAlabama,8875,760
thewallstreet,4400,182
VAC_Porn,17080,1230
askTO,9018,97
Wrangler,19322,513
TameImpala,17952,961
firefly,88848,51616
Bass,63585,771
wwiipics,28820,766
Blacksmith,42213,1033
animelegwear,6455,340
LeagueOfMemes,40350,1249
spicy,50409,1317
RedditsMuseumofFilth,33128,1019
homestead,189437,5036
Addons4Kodi,68619,750
trucksim,14069,500
Whiskyporn,14150,260
DebateFascism,9942,197
TrueAskReddit,126032,1054
insurgency,17443,725
urbanplanning,42726,1516
breathinginformation,168317,33969
BillBurr,27912,1624
asexuality,19312,530
Lovecraft,53599,2134
rutgers,10843,1019
BorderCollie,11653,386
homeautomation,142607,2840
ObscureMedia,86490,2315
SoundersFC,8157,2892
Bonsai,58801,3780
thefighterandthekid,4661,327
archlinux,53583,2231
MinionHate,41669,5320
thelastofus,41602,3773
Coachella,26648,2591
thinspo,62504,1872
LSAT,13762,216
ZeroWaste,42865,2296
ChiefKeef,3784,116
ExNoContact,17487,609
Hiphopcirclejerk,16712,783
nocontextpics,72136,16659
beagle,12318,529
etymology,51595,4847
ifyoulikeblank,87159,783
americandad,24168,1514
BreakUps,29438,612
wargame,12135,455
DMT,41103,846
windowsphone,45421,32730
MLPLounge,11593,628
datascience,57555,631
lost,43501,1420
BitcoinMining,29862,283
Brogress,51082,4298
1200isjerky,12867,737
RoversMorningGlory,2742,68
BritishSuccess,35418,9346
Jeopardy,17646,2604
njpw,18835,533
2b2t,6402,370
awwnverts,26148,1149
FL_Studio,38770,544
Omaha,11284,674
asiangirlsbeingcute,47059,2286
kemonomimi,14064,584
UFOs,94357,1288
wildhearthstone,10686,266
Xiaomi,25928,1246
Sierra_Skye,29067,2035
wsgy,3697,178
poland,15218,342
Handwriting,66671,4036
FoxandFriends,1080,175
NOLAPelicans,4970,1067
overlord,13835,946
XXXTENTACION,13284,967
AustralianPolitics,15127,196
ipad,60443,1884
buccaneers,9639,629
londonontario,8880,189
IRLgirls,28412,596
whitesox,8359,886
karma,1947,241
geology,45092,9594
bingbongtheorem,12317,2070
quilting,16330,2278
ultimate,30665,1624
FreeCriticisms,214,54
KOTORmemes,5184,634
Maine,14329,62012
buffy,27419,1532
3dshacks,58939,5556
DevilMayCry,5249,331
guitarcirclejerk,8390,472
LV426,37190,6333
JapanTravel,116295,5257
shroudoftheavatar_raw,256,30
TheGoodPlace,22696,1825
comedybangbang,10626,589
BatmanArkham,22249,849
Greyhounds,12916,565
KingkillerChronicle,41967,1894
verizon,14720,378
DrDisrespectLive,16173,1409
marvelheroes,18033,477
tattoo,80034,47417
UpvotedBecauseGirl,42742,1294
Frugal_Jerk,79084,57597
Standup,46879,506
brutalism,33203,1338
autism,23762,887
comicbookmovies,40607,1170
Thinking,8290,677
depression_memes,17592,1256
DrugStashes,22303,457
U2Band,3067,136
k_on,6951,747
wine,58939,797
DisneyEyes,14001,1772
thelongdark,15949,454
vzla,20954,756
GunsAreCool,18779,1425
vagabond,99007,508
livesound,21756,513
uAlberta,5766,405
starcitizen_refunds,1661,229
hometheater,49705,1313
WormFanfic,3671,299
hillaryclinton,30473,15939
UCSD,11330,264
flatearth,11786,7185
pkmntcg,20527,294
Steep,11712,766
shouldercats,14047,1381
TheFacebookDelusion,31738,1424
BackYardChickens,25591,1511
Dentistry,18531,156
TalesFromThePharmacy,39787,775
LetsTalkMusic,55307,1677
Insurance,16666,155
USLPRO,3558,153
wde,3551,321
Portal,40003,8196
BirdsBeingDicks,52814,25942
ambien,30787,3318
theydidthefuckyou,18812,1330
starwarsrebels,20763,1027
InlandEmpire,6450,314
AusFinance,21958,305
elonmusk,42354,47836
arabs,11224,285
FierceFlow,21886,3898
sffpc,11087,365
19KidsandCounting,4157,183
MadeInAbyss,8443,665
Retconned,11412,133
InternetPR,1326,1001
programminghorror,38448,2847
preppers,63567,787
Tools,24556,633
alaska,14659,2039
rit,9922,356
NotTimAndEric,80594,3030
auslaw,6408,107
whatstheword,34067,299
sabaton,6659,431
introvert,76438,2013
SonOfAShepherd,12589,1196
sips,46657,2848
ExposurePorn,178948,6230
SampleSize,63228,1181
rickygervais,13570,550
hamiltonmusical,22179,3834
KanMusu,5172,274
UKPersonalFinance,37253,303
Cloud9,16979,1399
wma,10183,259
energy,63092,2134
selfimprovement,119530,2574
Megturney,34972,3692
Hair,41994,1642
Muse,20373,1473
linux4noobs,71337,513
EnterTheGungeon,22656,1008
yankees,15985,655
DecidingToBeBetter,186210,2290
DigimonLinkz,7952,232
MadeOfStyrofoam,3449,320
InfrastructurePorn,72115,7369
oblivion,35043,3828
Chinese_Bootleg_Memes,7427,694
britishcolumbia,14832,327
aspergirls,7380,250
ladyladyboners,37756,1305
MelissaBenoist,8566,387
CraftBeer,26670,330
udub,8539,442
AoF_Weapon_Puzzle,40,5
iPhoneX,10969,262
Animesuggest,67336,435
saudiarabia,5268,157
wowthissubexists,134000,1869
KingdomDeath,6742,212
Hedgehog,16469,530
Gotham,32599,711
Ashens,16411,544
FlorkofCowsOfficial,10045,1275
dataisugly,31983,2071
LAClippers,8540,496
MarkMyWords,26616,1023
catsonglass,21490,1677
PUBGXboxOne,48662,3335
zen,42152,354
falloutlore,35817,527
NewYorkMets,16735,2160
TinyHouses,116401,4517
bjork,4438,374
mspaintsartrace,643,41
Greekgodx,25386,6525
DebateCommunism,15707,209
DragonsDogma,15362,430
familyguy,87357,2126
TheCatTrapIsWorking,19552,1076
Ubuntu,85099,1681
pcars,10483,260
SkyPorn,64382,1254
Hamilton,10975,271
SoccerBetting,25410,161
Crossout,5339,232
ReefTank,21364,520
schizophrenia,11144,537
ageofsigmar,12560,432
Bombing,24478,435
yourmomshousepodcast,9669,233
birdpics,22120,635
Chihuahua,11474,649
PastAndPresentPics,32862,4130
Outlander,14144,439
JenniferLawrence,52011,2982
Awww,48575,7021
FRC,14023,1663
ClickerHeroes,21104,544
HipHopImages,44708,7231
appletv,28121,422
Debate,14988,307
Illustration,44891,2592
podemos,13048,836
canadients,12338,629
digitalnomad,134582,1157
sailing,46692,7715
SuperMega,9027,630
PrettyRicky,4592,577
dragonvale,5157,171
LiveFromNewYork,31684,6230
SkinnyWithAbs,52631,4572
oklahoma,14898,9650
adidasatc,4752,78
shitpostemblem,4105,509
FreeGamesOnSteam,96020,2405
SanJose,16366,494
ImaginaryWarhammer,19257,984
functionalprint,43649,1739
The100,30030,912
PostHardcore,36318,851
balisong,12609,365
ShittyMapPorn,25888,6411
Anglicanism,3021,139
caps,13505,2007
ferrets,20909,842
Ebay,19628,223
marilyn_manson,4310,226
Wetshaving,6920,141
Liberal,47019,13095
electricvehicles,15236,380
cpp,62264,747
arduino,102581,34917
nightvale,24892,1786
kotor,22132,1007
taiwan,16960,475
Hatfilms,19494,1148
progressive,49855,1404
bartenders,28655,544
serious_gaming,1504,97
freshalbumart,19817,1579
TapTitans2,15857,1291
Ultraleft,3310,221
BBQ,66409,1751
CK2GameOfthrones,16984,439
AntiAntiJokes,32564,1783
ConspiracyII,8700,218
SUBREDDITNAME,11261,706
NUFC,8862,636
TsumTsum,15806,174
CBD,28161,447
HotWheels,5954,168
Dragonballsuper,17838,576
ninjavoltage,3258,84
Amoledbackgrounds,32073,983
MilitaryStories,28388,1837
ketogains,93999,3548
dishonored,29012,1518
TheWire,32443,1956
FreeGameFindings,56518,2399
tressless,16047,386
lexington,7292,400
xXRealGamerzXx,8528,1623
BakaNewsJP,4636,147
GEazy,2113,75
TagPro,11502,1107
TheDearHunter,4603,281
Cartalk,55310,940
instantpot,39588,786
narcos,24774,1258
bouldering,40325,894
badroommates,20050,455
whiskey,50273,782
RubeGoldbergFails,14021,773
WholesomeComics,31011,8243
FullScorpion,69745,7887
drugscirclejerk,15754,1094
moderatepolitics,21448,194
aws,32761,333
lowlevelaware,2976,95
seniorkitties,11038,891
Scams,28754,526
BPDlovedones,8567,216
fullmoviesonyoutube,242618,18897
xmen,24145,3122
fantasyhockey,15836,311
KanyeLeaks,9035,245
Kerala,3618,123
evenwithcontext,84832,1949
Whatisthis,30234,232
silhouWHAT,32725,18112
ITCareerQuestions,34064,221
BostonTerrier,10247,409
JustUnsubbed,14004,459
circlebroke,36142,1649
RBI,59601,1226
entp,13838,426
GothBoiClique,6699,1558
babyrhinogifs,30677,6559
java,86756,976
AnimeFigures,22137,426
C_S_T,20544,219
NormMacdonald,9083,720
longrange,28651,929
Pets,60675,1064
crappycontouring,16028,796
cyberpunkgame,17822,2187
cemu,41103,2065
rational,8894,327
UCI,6808,316
vgb,39212,971
TrueChristian,22247,368
lookatmydog,30415,1347
kings,9342,17534
makeyourchoice,11286,357
armoredwomen,29104,9079
SNSD,15710,545
ColinsLastStand,5096,635
SocialJusticeInAction,15763,698
NoShitSherlock,30813,2574
C_Programming,34598,417
Map_Porn,28169,729
Divorce,17757,195
victoriajustice,21053,1457
lolcats,98371,2230
MTGLegacy,15620,419
theroom,12209,649
rollercoasters,16409,510
sexyhair,16996,400
overlanding,28675,849
katyperry,36313,2544
NewMexico,5217,527
modelmakers,66449,1456
Machinists,21777,517
doodles,32028,632
fitnesscirclejerk,10955,769
stopsmoking,61000,38393
goldenknights,8225,2189
Gaming4Gamers,56883,7167
Saber,9642,509
geekygirls,31460,2468
AnythingGoesNews,23482,387
GhostRecon,25413,927
KansasCityChiefs,17827,9543
ImaginaryColorscapes,29742,693
svenskpolitik,118741,402
benzodiazepines,14801,192
InteriorDesign,122751,2322
Iceland,24346,3731
papertowns,41300,11013
StuffOnCats,50471,9517
German,46557,1526
ProEDmemes,6827,488
nukedmemes,23425,1660
AdamCarolla,7059,237
opensource,52911,533
Rivenmains,17876,380
4x4,33015,985
AccidentalRacism,72973,20517
CatsInSinks,23358,1104
digimon,24270,684
OWLCITY,2060,140
SRSsucks,14616,1207
archeage,17889,931
unrealengine,31876,582
Mid_Century,23773,933
Megaman,11968,887
PalaceClothing,23637,470
sixwordstories,32607,2238
animenocontext,28995,1040
snapchat,49719,1086
JustKlayThings,9592,797
happycrowds,101723,2264
Predators,9846,5035
TaylorSwiftsLegs,17674,883
Bulldogs,15944,916
NPR,28455,2333
Wolfenstein,6630,311
woooosh,70408,11754
antinatalism,10557,472
androiddev,83016,1293
EasternSunRising,1738,104
lawbreakers,6106,571
EmeraldPS2,3050,282
HighHeels,30900,711
HybridAnimals,60135,12706
lockpicking,81639,1759
Denton,7611,282
mapporncirclejerk,13219,1989
Kossacks_for_Sanders,4478,30628
DestinyMemes,9232,538
LiaMarieJohnson,24304,3106
LEMMiNO,15056,1364
BroadCity,12680,427
caseyneistat,17215,1566
mazda3,11536,337
Charleston,9303,275
SkyrimTogether,17504,883
JhinMains,9256,1123
ImaginaryBehemoths,36447,1788
tappedout,21289,561
brandonsanderson,14833,464
Eesti,16142,339
Bioshock,53851,7428
uwo,4859,93
HelpMeFind,28642,494
gamingsuggestions,34742,392
CSRRacing2,7095,109
ToyotaTacoma,13364,333
toastme,23660,337
suspiciousquotes,47428,12318
tooktoomuch,36135,1407
raisedbyborderlines,8160,220
AZCardinals,11058,3134
HomeNetworking,38978,270
flyfishing,25079,798
FearTheWalkingDead,26956,555
DemiRoseMawby,22460,1194
turning,20205,367
drones,36525,505
DallasStars,7908,1323
LateStageGenderBinary,4248,593
JustEngaged,9770,399
LGBTeensGoneMild,3887,294
UTAustin,14338,555
macdemarco,17212,860
LetItDie,6695,395
CAguns,10849,285
billsimmons,3096,92
Dashcam,28288,606
museum,38948,467
Buffalo,12851,1077
AtlantaHawks,9623,814
mildlyvagina,24530,2621
cactus,14016,405
mentalhealth,47220,1425
EA_NHL,19188,485
windows,74238,1700
CPTSD,8337,265
coding,102023,798
headpats,11704,812
newfoundland,6237,367
migraine,15361,485
tardtales,18050,774
AskAcademia,42552,595
Assistance,46572,2401
deathnote,16124,1557
satanism,13223,685
The_Dotard,5532,2356
KemonoFriends,2451,286
Colorization,50506,1505
Battlecars,30274,1333
crazyexgirlfriend,8710,356
libertarianmeme,14106,17417
RightwingLGBT,4589,283
oakland,13093,470
excgarated,26945,2339
finlandConspiracy,18647,1418
low_poly,28871,1285
conlangs,22273,653
chemicalreactiongifs,360951,30093
golang,44098,667
WorldofTanksConsole,4788,117
seriouseats,69270,5477
washingtonwizards,12383,718
screenshots,45017,3455
unexpectedfactorial,22200,1084
papermario,4434,258
GifSound,55454,1750
FCCincinnati,3528,315
RepTime,21627,289
WisconsinBadgers,5107,401
Grimdawn,19586,529
nerdfighters,32819,1389
GTA,46995,2142
c137,31420,826
ChronicPain,16024,392
unturned,16871,393
videography,40039,1098
SiegeAcademy,15341,296
mattcolville,17262,996
dontyouknowwhoiam,53619,11913
neoconNWO,1251,172
TheStrokes,11873,525
IBO,16283,726
Nationals,10950,1174
physicsmemes,6294,870
ClaireGerhardstein,5705,404
disneygifs,9261,1185
iamveryrandom,15300,1506
PennStateUniversity,8646,287
SavageGarden,28110,1733
Kangoku_Gakuen,5147,191
geometrydash,4279,274
pureasoiaf,24570,363
TIGHTPUSSY,20172,1136
Mobpsycho100,8793,455
soccercirclejerk,13491,15340
FortWorth,10179,407
FashionRepsBST,15945,192
lotro,13049,231
Techno,32812,428
baduk,15109,347
RequestNetwork,32911,1141
myfavoritemurder,22894,807
Team_Liquid,4887,470
TwoSentenceHorror,21993,802
AskElectronics,36061,223
TIL_Uncensored,26039,21261
Robocraft,7529,446
msp,15007,148
TuxedoCats,9396,431
tulsa,8481,756
watercooling,23087,402
cutegirlgifs,29726,1372
NFA,17809,542
Kirby,12326,763
transadorable,9032,517
n00bs,4437,9620
eos,43211,415
JurassicPark,23433,1495
Nirvana,18916,551
Falcom,3945,191
olympics,398825,24053
Ladybonersgonecuddly,41535,3292
pregnant,17682,255
SexyWomanOfTheDay,26409,439
PussyPass,32163,1295
Psychic,20763,168
PokemonTCG,10085,232
Eugene,9135,235
Edinburgh,12219,2741
AndroidWear,45498,5385
memphisgrizzlies,4655,349
sushi,45938,1851
mormon,6410,243
Rochester,12349,446
wholesomegreentext,30642,18745
MonsterMusume,13007,972
forwardsfromhitler,14297,1126
cutekorean,12606,491
MakeNewFriendsHere,47019,234
translator,25824,341
Mommit,34125,1559
ColoradoSprings,9990,435
DesignatedSurvivor,7789,229
HowToHack,93714,1332
batonrouge,5461,149
devinbrugman,8175,346
TokenCard,1570,56
Bakersfield,3140,179
CineShots,30406,728
Rockband,14375,478
Death_By_SnuSnu,21400,1017
QASH,3857,80
vim,47630,688
WildernessBackpacking,64090,5649
HongKong,49035,632
Pixiv,9229,292
OperationRevert,399,55
AsianMasculinity,12180,289
mturk,28171,288
startups,251512,2455
EnoughCommieSpam,4887,414
Vinesauce,16350,29151
linuxquestions,46081,119
Models,35702,521
ParadoxExtra,6295,480
kittengifs,21494,1599
survivinginfidelity,17438,236
ECE,45169,372
StandUpComedy,96591,1541
atlbeer,6852,193
iRacing,12458,328
dndmemes,16817,1063
reversegif,38852,2541
kendalljenner,18432,552
OrthodoxChristianity,6365,149
patches765,5164,509
Masub,1966,193
antimeme,11273,936
LineageOS,28865,870
reactjs,48922,587
RedPillWomen,22638,208
ExplainLikeImCalvin,70998,1116
shittyama,19003,634
dontstarve,32530,810
imaginedragons,5179,290
birthcontrol,19383,348
saplings,39238,517
AdrenalinePorn,142961,3290
losangeleskings,9520,774
fastfood,20558,244
imc_irl,4600,949
DIY_eJuice,40721,372
guitarporn,19727,545
guitars,23972,549
ImaginaryDragons,26793,952
animation,58324,5519
collegehockey,7050,165
XFiles,34331,4923
RivalsOfAether,13673,551
buildapcforme,59141,320
logodesign,39511,1076
ffxi,9180,166
boniver,8864,310
fcs,2567,90
CelebrityFeet,12116,485
fragrance,20572,174
chromeos,45291,465
freemagic,1699,107
accidentallycommunist,5353,708
assignedmale,7721,1100
ImaginaryJedi,27997,1752
Ask_Politics,28602,280
CrohnsDisease,14431,559
icocrypto,55760,582
Nujabes,21373,853
Boxer,10694,315
Petscop,19135,1783
spotted,24943,1725
Costco,16336,365
Paramore,9643,873
albiononline,13195,1272
4Runner,12166,325
learnart,75595,1403
TibiaMMO,7948,235
pesmobile,2835,111
PeopleBeingJerks,54608,25923
RealTesla,1289,84
LifePupperTips,14706,1636
entwives,20009,454
Indiana,14280,75934
WTFgaragesale,39364,25605
acecombat,6447,475
meme,75353,3600
badlinguistics,22260,587
pokemontrades,62435,1123
BeautifulFemales,20274,458
CrossfitGirls,18413,275
LinusFaces,5292,853
AndroidMasterRace,24219,15003
asheville,10275,259
rct,25477,2666
rockhounds,22223,484
xbox,35838,652
Wholesome4chan,16132,2041
cursedimages,61716,5724
veganfitness,35219,857
providence,5776,139
MadokaMagica,9202,501
NewsOfTheStupid,39528,586
memphis,8680,219
SketchDaily,170345,328
AnimalPorn,83604,2086
Construction,18359,230
Jordan_Peterson_Memes,11450,685
learnmath,59862,408
halloween,54600,8657
Egypt,7438,322
diabetes,24204,572
tokkiefeesboek,5654,320
soylent,30549,459
LinusTechTips,17242,704
Sino,5864,109
hamsters,9793,353
awakened,21873,165
Norway,22615,633
Ohio,20447,32209
NotTimAndEricPics,9025,443
PrettyLittleLiars,21940,2327
streetart,46771,1616
Mario,20731,745
nihilism,22755,473
SwagBucks,21320,355
smallbusiness,115349,725
Delraymisfits,2550,159
AsABlackMan,19532,1240
BSG,20571,926
conservatives,7156,130
mapmaking,28561,1259
PokeMoonSun,25815,553
TheReportOfTheWeek,21610,1780
footballhighlights,58860,498
badcode,23489,671
booksuggestions,83398,505
rpghorrorstories,13557,898
PurpleCoco,34675,7488
selfie,5475,380
AcademicBiblical,17679,244
iWallpaper,56518,886
iPhoneography,16600,373
Albany,6775,229
RedditWritesSeinfeld,54809,4920
INDYCAR,12322,3061
bigbangtheory,29390,2236
Survival,199119,14442
smashgifs,15657,618
lorde,7731,611
spikes,38990,1145
russian,22854,320
retrobattlestations,25700,993
Sense8,22497,3673
uncharted,19493,594
Spokane,6943,299
Infographics,75906,8641
gamedesign,47865,483
Boruto,9839,244
IndoorGarden,34472,766
darknetplan,48082,2403
avengedsevenfold,9779,821
NintendoSwitchDeals,48181,851
Overwatchmemes,16380,908
DebateAChristian,16440,326
bingingwithbabish,20330,1434
HVAC,14504,283
Beekeeping,34926,3037
PS4Pro,18303,305
happygirls,53111,1339
Sprint,8341,120
dating,32915,200
AskVet,22016,156
enoughpetersonspam,5071,1350
BATProject,15958,370
duolingo,42148,1338
powerrangers,15340,3766
newsokuvip,2671,65
Pyongyang,78931,2340
civ5,14888,442
tax,28746,114
R6ProLeague,6462,226
watchpeoplesurvive,25470,5970
TheMassive,4001,1654
soccerstreams,204330,684
USCR,5204,5967
ScarlettJohansson,34088,1767
RhodeIsland,6712,34275
homeowners,40568,316
longisland,12862,11320
sploot,35083,1880
Ford,17253,337
TuckedInPuppies,13798,816
DogShowerThoughts,37123,1961
duelyst,14673,489
Harley,19672,326
brexit,4859,181
Waxpen,14270,140
regularcarreviews,13095,798
VirginiaPolitics,2992,361
gamingpc,63061,1192
battlewagon,21240,715
CampingGear,55494,1623
insaneparents,16177,1149
trailers,48582,623
Hardcore,21350,381
csharp,58781,555
mazda,18194,711
TheWaterLew,3453,2235
RandomActsofCards,16331,232
Leathercraft,32144,853
acting,24456,275
Radiology,13663,208
Boise,7299,386
AskWomenOver30,17271,203
GhostAdventures,8689,280
progrockmusic,21672,423
silenthill,14191,472
ChanceTheRapper,21943,12707
DippingTobacco,12317,263
maisiewilliams,18805,2386
ethoslab,7870,503
TrainPorn,12403,571
UnexpectedlyWholesome,13108,2479
ClimbingCircleJerk,6532,373
FalloutMods,31850,1504
JustLearnedTheFWord,11582,1760
womensstreetwear,16480,605
GreatXboxDeals,30013,622
EnjiNight,14125,2754
onetruegod,101509,19945
CNNmemes,15576,33910
legaladviceofftopic,12336,3871
TrueCrimeDiscussion,17719,175
BabyCorgis,36385,9929
careerguidance,36041,108
gigantic,11109,423
SuperMarioOdyssey,10151,544
worldjerking,3329,304
Roleplaykik,23394,147
starwarscollecting,6095,192
rush,11936,1053
DallasFuel,4881,326
GoatsOnTopOfHorses,14970,1703
TeamSESH,7659,268
absolutelynotanimeirl,5290,334
Knoxville,8272,39607
Wholesomecringe,6004,788
thepromisedneverland,4487,178
LilPeep,4424,572
ledgerwallet,15052,775
redpandas,40342,6372
FriendsofthePod,8177,361
NewPatriotism,9692,46246
ANTM,5957,296
mileycyrus,19824,578
NavCoin,11938,333
futureporn,104277,2144
saskatchewan,5711,177
tylerthecreator,12393,637
Virginia,13818,1335
AmIFreeToGo,21907,1349
YasuoMains,12531,329
farmingsimulator,8490,201
cleanjokes,28191,311
Honduras,1232,89
techwearclothing,11079,307
vergecurrency,50834,1117
BadRocketLeagueGoals,13289,601
highdeas,31646,502
crusadersquest,8339,204
fsusports,2442,149
amateur_boxing,21297,242
WarhammerCompetitive,5171,93
Destiny_2,17823,771
HistoryWhatIf,24487,219
mistyfront,12473,847
ImpracticalJokers,13900,570
GoNets,7404,1210
Gintama,10031,344
Vocaloid,17290,430
VirginiaTech,10317,402
Vent,6480,5451
TwoRedditorsOneCup,46712,1906
tales,12201,370
ChineseLanguage,26951,717
mlb,63122,8852
Chromecast,63082,2480
CelebrityArmpits,6687,207
discworld,22003,1806
overclocking,28516,245
hmm,17366,547
facebookwins,108816,41474
IndiaNonPolitical,1981,52
AskEconomics,9733,60
Palestine,11813,276
ThatPeelingFeeling,47094,4931
Drag,15485,443
Makeup,54190,289
macsetups,25669,1024
razer,21010,437
DavidBowie,9591,1035
Foofighters,16576,2215
PBSOD,17048,653
Amsterdam,19940,432
shorthairedwaifus,5511,383
BudgetAudiophile,25744,409
TrashySelfies,8095,441
wildlifephotography,30994,813
AskScienceDiscussion,32530,1336
linuxmemes,14562,974
Netrunner,12237,423
lgv30,4883,217
bernesemountaindogs,8739,1057
burgers,29596,780
NewsOfTheWeird,36084,362
weeabootales,45917,1513
SelfDrivingCars,26241,414
puppy101,29603,232
whatcarshouldIbuy,24121,168
suits,33738,934
timbers,6088,650
araragi,20210,1063
snes,31366,517
babushkadogs,18185,2543
SourceFed,36236,4138
MaryElizabethWinstead,11888,567
gamemusic,57232,637
Bushcraft,52794,932
miniSNES,13660,841
initiald,7620,398
Enhancement,81061,2961
Trophies,10726,280
godless_tv,893,82
thedonald,10166,10866
AndroidQuestions,37999,279
DrosteEffect,15672,799
TaylorSwiftPictures,10469,399
SpideyMeme,45577,17879
OVER30REDDIT,7282,161
Adoption,10345,1478
Wales,7918,271
trendingsubreddits,30177,874
CatsISUOTTATFO,85719,5348
blog,16372205,195549
MiniJello,13412,781
xTrill,32605,333
mildlyterrifying,12259,647
nbacirclejerk,6877,444
MiamiHurricanes,2920,214
curb,14111,724
astrology,30213,386
PlayJustSurvive,2656,147
UnexpectedMulaney,23431,1694
doughboys,2879,193
CastleClash,5352,127
Unclejokes,23284,1240
DebateAVegan,4892,125
SakuraGakuin,2125,159
ptcgo,17880,183
rccars,13313,282
IncelsWithoutHate,2126,173
UneasyAlliance,2529,165
ReasonableFantasy,12130,713
TheOfficialPodcast,7247,427
EARONS,7767,150
SushiAbomination,19958,801
JamesBond,20095,1246
spiders,28578,772
Pigifs,18137,1476
NegativeWithGold,28509,7744
ACMilan,7538,469
audible,14200,216
Magic,31138,1714
600euro,6529,302
BoostForReddit,6675,471
OverwatchLeague,15248,766
paradoxpolitics,8015,338
NightInTheWoods,7510,16104
GIRLSundPANZER,4208,233
policeporn,14352,560
eldertrees,57213,894
wrestling,14546,306
ArtFundamentals,71320,53126
ShitCosmoSays,74149,6602
sodapoppin,14957,795
victoria2,11434,546
Anarchy101,17253,121
bioniclememes,5684,671
Lightbulb,44786,2005
MST3K,21555,1134
artificial,51426,566
PourPainting,8159,843
ShitThe_DonaldSays,6557,19001
OreGairuSNAFU,11923,647
Bumble,9259,216
Dinosaurs,39648,1347
prettyaltgirls,15653,734
chanceme,8839,240
siacoin,31077,733
neckbeardstories,41017,1295
heraldry,9444,262
TheCannalysts,3561,130
TransyTalk,4265,227
MoneroMining,11979,273
PBGhardcore,1107,115
nekoatsume,30754,2217
UWMadison,6592,191
Corvette,7918,441
ShitPostCrusaders,5682,588
Hue,23997,357
bearsdoinghumanthings,53702,9414
adultswim,37227,1753
WRX,9398,272
badparking,15875,13102
Coldplay,10567,456
luigi_irl,5948,802
blurrypicturesofdogs,10726,690
EndlessSpace,7896,213
bikesgonewild,29847,1634
bmx,12864,504
UCFKnights,1530,115
Paleo,110031,2201
truerateme,2935,221
ThatsHowThingsWork,23316,14811
swedishproblems,117976,557
Celiac,7046,266
Fibromyalgia,9103,263
SCAcirclejerk,4681,260
NarcissisticAbuse,10691,145
altcoin,61375,539
AsianParentStories,18216,792
OakIsland,6613,223
cataclysmdda,6219,200
iOSProgramming,37668,383
wedding,34283,3287
MichiganWolverines,8124,421
Korean,28870,557
berlin,18427,422
microsoft,51255,975
metal_me_irl,13279,1183
Geosim,1518,53
AnimalsBeingGeniuses,31489,1585
Dark_memes,18238,321
FallOutBoy,10746,343
TheDarkTower,21964,1112
saiyanpeopletwitter,7373,613
boogie2988,12006,3864
buccos,8556,581
Nexus6P,31805,3519
PokemonShuffle,14808,377
bloomington,5474,190
Genealogy,19356,283
nSuns,14435,201
Oxygennotincluded,11089,268
swoleacceptance,79660,3669
Switch,20371,503
Gamecocks,4061,399
foreignservice,6114,130
lowpoly,20919,725
Anthropology,56196,545
wec,16360,18336
MSLGame,7104,288
EmmaStone,33535,2351
hotones,15355,997
starfinder_rpg,9359,345
chloegracemoretz,20190,892
mead,23692,458
lebanon,6271,193
StarlightStage,7187,245
TheSquadOnPoint,21799,921
Pauper,18243,518
falloutsettlements,30279,1004
indianpeoplequora,5916,365
Pinup,33193,2114
HITsWorthTurkingFor,43392,479
binance,40821,677
IndianCountry,9580,344
MineralPorn,48372,27887
shanghai,9101,161
DrakeTheType,4495,677
Anna_Faith,15407,2302
FreeEBOOKS,176644,1135
technicallythetruth,14004,1756
anthologymemes,16656,1807
KneadyCats,28134,2308
HumansAreMetal,23712,3548
VaporwaveArt,29135,811
BattleJackets,7250,261
Bowling,11444,2056
Archaeology,43024,433
ProgrammerDadJokes,17155,804
BitchImATrain,16954,1150
cockatiel,5850,305
BellaThorne,32050,5181
Scrubs,54506,3475
bih,2449,112
California_Politics,4881,366
AustralianMakeup,8192,234
Tsunderes,8459,444
Aeon,4967,112
TheCalmBeforeTheStorm,6721,178
Fireteams,67344,391
NewSkaters,21734,584
samsung,31220,504
computers,37823,318
SommerRay,21202,832
uktrees,13830,382
Photoclass_2018,8700,324
zoemains,3733,224
AngieVaronaLegal,26546,4224
excel,94533,4459
absolver,10345,1054
Seaofthieves,100106,20307
soccerspirits,6149,159
MargotRobbie,19872,671
necromunda,3054,125
n64,26262,10062
Brunei,3821,109
GODZILLA,20837,970
Naturewasmetal,51674,5748
GalaxyS7,23673,448
treedibles,35533,526
TheBrewery,19555,312
Dreamtheater,6573,299
whatsapp,3149,136
dancemoms,3657,78
kingcobrajfs,1756,129
WorkOnline,75090,419
randomsexygifs,40824,1136
WarplanePorn,13416,343
lincoln,4364,155
editors,27818,521
Roast_Me,46980,1362
gpumining,21152,738
SkyrimPorn,27517,1224
HollywoodUndead,3565,178
Pixar,14252,558
HotlineMiami,15589,638
oldschoolcreepy,27941,9377
cowboybebop,22968,5926
AfterEffects,38260,763
lmGoingToHellForThis,17647,286
CelebsBR,13018,279
flexibility,94706,1019
StarTrekDiscovery,11695,384
FitWomenGifs,19953,631
cfbball,4331,260
wien,6127,183
trance,44923,625
StudentNurse,17316,359
Spanish,38575,1562
actuary,9695,285
walkingwarrobots,3130,90
AskSF,8665,86
deadmau5,20583,1368
canes,5812,287
BlackOps3Revived,1159,94
Moonmoon,14905,786
ICONOMI,8214,227
newtothenavy,9868,85
subredditoftheday,249918,27079
badMovies,26104,319
marketing,108317,711
crashbandicoot,16327,1965
VinylReleases,13847,109
auckland,9835,242
IdiotsNearlyDying,23818,1658
Preacher,16368,941
AlphabetStew,2394,579
starveio,1721,102
BattlefrontMemes,7733,1131
Thetruthishere,87307,561
redorchestra,9302,346
canberra,6560,251
hinduism,18363,234
WeirdWings,7857,270
bitfinex,5803,178
utdallas,5256,216
paintball,20396,664
AlmostParkour,13788,1249
FantasyWorldbuilding,2148,59
gameflysocial,626,25
askMRP,4490,67
NLTP,1453,81
VapePorn,18676,202
cfbmemes,5305,234
Emma_Roberts,10466,380
dbxv,12118,333
kurzgesagt,45329,20275
printSF,39371,646
lawofattraction,19652,1537
WesternGifs,11622,12197
DraconiusGO,2323,120
HannibalTV,25462,1707
declutter,48127,461
TsundereSharks,61020,8387
prisonarchitect,28631,796
BlackMetal,20818,394
French,47946,1120
MBA,14386,137
forhire,86267,339
manchester,13985,5633
Hijabis,3461,93
DigitalPainting,27632,563
DumpsterDiving,52373,1358
vfx,19701,207
SadMemesForHipTeens,9753,2477
100yearsago,76856,2248
F1CircleJerk,2834,163
GermanShepherd,7167,232
vancouverwa,3642,171
productivity,184332,1375
MOMpics,2007,30
ETHInsider,8063,51
Cyberbooty,15683,597
albania,7655,158
KidCudi,10942,463
nflstreams,199554,914
Ozark,8797,585
TrueAtheism,59275,1395
witchcraft,23092,518
Cornell,5535,295
Etsy,32523,198
LegionOfSkanks,4164,129
CherokeeXJ,8081,270
AustralianCattleDog,9833,384
Fighters,18115,189
applehelp,28067,166
shower_thoughts,12569,305
ImaginaryWesteros,34508,1968
dyinglight,22914,649
PS3,70145,1692
SEO,57524,456
CompetitiveEDH,15597,187
GakiNoTsukai,33569,593
PointlessStories,29881,4208
greatpyrenees,4091,226
Plumbing,14316,172
selfharm,12762,309
Firefighting,18798,663
options,37430,687
MuayThai,23039,274
triathlon,22055,439
fixingmovies,44647,2803
DFO,10067,282
MINI,12043,330
SubstratumNetwork,13095,339
SombraMains,4566,466
pharmercy,9287,941
whatsthisrock,15476,337
Kikpals,45650,133
HappyTrees,20628,849
Nikon,19012,263
Outdoors,121690,1361
dauntless,14826,483
NCAAFBseries,6051,297
cardistry,25909,446
OaklandAthletics,7886,236
Journalism,18259,9970
lgg6,6602,238
slashdiablo,6833,132
Edgic,1084,70
Weakpots,4850,251
happycryingdads,66592,13595
VillagePorn,59490,1663
puppies,54787,13297
guitarlessons,66226,566
audiobooks,37459,283
Gloomhaven,8294,194
MemeYourEnthusiasm,27131,1930
UCSantaBarbara,7791,504
ABraThatFits,76285,994
Veterans,17794,35575
MouseReview,14195,200
Accutane,6138,210
Wicca,23624,276
robotics,53056,796
Toonami,11113,52117
postmates,7160,221
skrillex,14117,656
ImageStabilization,36250,5409
Bladesmith,25063,507
peacecorps,9260,221
LastDayonEarthGame,8611,126
liberta,1427,53
WarframeRunway,11368,398
holofractal,16850,331
PvZGardenWarfare,7357,251
forwardsfromreddit,5927,417
Sufjan,6495,581
l5r,5099,212
tonightsdinner,49637,395
TheRecordCorrected,3497,2329
ARKone,13130,220
PS4Planetside2,4331,236
DrakeAndJoshTwitter,7899,869
monarchism,3570,153
roguelikes,28028,549
Volvo,14255,2974
LateToEverything,270,151
ItTheMovie,5692,1067
unexpectedhogwarts,48622,16803
SoundsLikeMusic,37528,2647
shestillsucking,40904,2968
ANormalDayInAmerica,9468,469
LCDSoundsystem,4737,277
jakanddaxter,4522,257
Tiki,4340,125
MortalKombat,28891,2146
TimAndEric,26846,624
batty,26465,4496
Androgynoushotties,10715,432
UGA,7153,244
babylon5,5950,469
pennystocks,50604,190
ccna,29061,203
fightoffyourdemons,1698,130
fuckHOA,18118,1240
de_IAmA,307558,510
MarvelPuzzleQuest,6151,184
DJs,38654,413
Rengarmains,9122,663
FulfillmentByAmazon,29267,171
whiteknighting,51125,11062
Avengers,16370,605
KDRAMA,27702,795
orangeisthenewblack,56724,3272
shittyadvice,71890,1405
dxm,7427,184
goth,12132,389
Diepio,7363,474
JaneTheVirginCW,6630,179
NuclearThrone,10181,409
MotoUK,6143,129
SpaceBuckets,41415,527
MadisonPettis,1690,129
PowerShell,45964,502
Mcat,22252,741
dune,14654,643
Needafriend,49527,318
FutureMan,1684,203
michaelbaygifs,103789,10754
kitsunemimi,11206,407
badtaxidermy,23541,908
AmISexy,37722,549
h3h3_productions,25346,3217
bellahadid,4738,310
trollingforababy,2707,216
IndianFootball,2077,122
StudentLoans,33841,422
bloodbowl,8255,174
Swimming,38714,1040
PoliticalVideo,17081,670
accidentalswastika,27064,2215
enlightenedbirdmen,52640,1631
no_sob_story,15267,696
PrettyOlderWomen,10814,309
candiceswanepoel,10193,379
DestructionPorn,57684,2286
FortCollins,7851,437
ContraPoints,2331,326
Wildlands,23597,984
52weeksofcooking,30080,265
TheKillers,7415,596
kansas,6369,31529
slavelabour,40852,384
ucla,10031,320
OurFlatWorld,1582,167
The_Europe,6107,544
ImaginaryAzeroth,9658,307
SplitDepthGIFS,56511,5590
Daredevil,22129,1183
OCD,20006,484
BlackPink,7199,451
ImaginaryCityscapes,44478,932
dfsports,19013,128
RedvsBlue,11409,488
TenX,13064,163
ImaginaryInteriors,21627,504
newhampshire,11474,648
node,55618,610
freemasonry,13364,171
kachow,11936,1631
ironicsigns,12055,4409
civclassics,1325,105
FTC,3515,249
MitchellAndWebb,17477,734
earthbound,16841,753
dotnet,29770,233
shadow_of_war,7315,448
CompetitiveWoW,15001,138
marvelmemes,8292,355
MakeupAddictionCanada,12668,188
SecurityAnalysis,28087,118
festivals,34423,450
February2018Bumpers,1311,162
AmandaEliseLee,18282,801
BoomBeach,15179,328
frogdogs,9569,327
UnsolvedMysteries,76563,2569
literature,199231,641
RegularRevenge,20749,1334
koreanvariety,14495,493
myfriendwantstoknow,35812,402
Draven,5594,197
9gag,12293,581
istp,6091,361
WebGames,95365,2780
swdestiny,6729,264
FocusST,7518,393
orioles,12388,927
UCSC,6464,191
airpods,8353,220
oldschoolhot,9987,9133
waterporn,72877,1696
lonely,19848,329
YuzuMiko,8615,625
htgawm,18741,416
RPGdesign,7628,99
rubberducks,18056,724
youngjustice,10058,2595
SkyrimPSVR,1839,122
comicbookcollecting,6821,226
starwarsmemes,14219,1112
StarWarsEU,16113,331
internetparents,25362,200
swift,33549,274
AskPhysics,18511,88
maximumfun,9427,288
gopro,72324,3022
psych,28801,5479
EqualAttraction,16280,685
HaloStory,12784,247
thereifixedit,28335,785
OhioStateFootball,7513,329
RyzeMains,3543,140
SAVEBRENDAN,27708,53071
shittyaskreddit,27710,634
WWEChampions,4836,74
PinkFloydCircleJerk,3119,298
AndroidTV,19559,200
CarletonU,3943,171
snackexchange,52710,616
Pennsylvania,13225,64480
projectsession,3822,235
UnnecessaryQuotes,20007,1063
predaddit,17786,565
DirkGently,7445,397
LAGalaxy,3030,156
1911,12236,297
okko,2280,139
tf2shitposterclub,3246,283
XVcrosstrek,5938,164
lucifer,16675,610
uofmn,6290,493
modeltrains,11066,585
valve,18265,606
Electroneum,18129,323
minnesotaunited,5988,233
mildyinteresting,21129,256
UNLV,1642,95
Deathcore,13945,331
hookah,22447,435
HaloOnline,39565,1597
pkmntcgcollections,6721,209
Guiltygear,11856,444
3Dmodeling,17142,300
kaleycuoco,16874,569
waterloo,7707,269
funnysigns,27486,442
NASLSoccer,3031,70
truezelda,17113,231
kol,7642,212
LucioRollouts,14578,1447
data_irl,15086,1965
TalesofLink,2614,105
PlantBasedDiet,24241,315
SexWorkers,22028,188
spain,14786,342
assettocorsa,14367,352
PersonOfInterest,11695,519
CyanideandHappiness,42944,11495
MVIS,791,47
vegangifrecipes,23641,572
JailyneOjedaOchoa,9642,504
Musicthemetime,7214,65
NewTubers,42599,123
montageparodies,124690,75905
CarAV,19115,266
regularshow,23937,1340
sharktank,8059,187
tarantulas,8550,294
bigfoot,16462,1325
UCDavis,6296,205
hackintosh,37020,356
battletech,4605,180
trains,17969,624
BigMouth,5978,559
juliakelly,5437,346
serialpodcast,53947,1855
horrorlit,14983,136
bald,5736,175
Axon7,3365,171
Astroneer,20427,1676
Snek,11719,726
awardtravel,21288,152
RetroPie,45981,856
thedavidpakmanshow,5901,229
devops,42943,215
TerrariumTV,22192,344
punchableface,8962,38155
WEPES,8426,398
onionhate,10007,1337
Staples,4700,184
ModestMouse,11944,881
goodlongposts,11890,94
Sims4,12344,294
GiftofGames,48479,236
Dexter,45163,3352
prolife,7713,197
media_criticism,26605,2090
JustNoSO,12249,1235
marriedredpill,18083,238
Unity2D,31925,502
MuscleConfusion,28866,1216
PremierLeague,35513,342
notapanelshow,4618,164
SimpsonsFaces,14013,799
F1Game,5560,264
jillstein,9059,9651
psychotherapy,16419,323
sciencefiction,63765,971
YanetGarcia,30013,2814
sugarfreemua,18747,325
BackgroundArt,26371,443
GripTraining,34523,315
OnceUponATime,17217,937
Reds,8557,620
mashups,175713,1792
Blizzard,14098,250
toledo,3503,185
bangalore,6442,184
ModSupport,8932,281
snek_irl,14200,1641
skyrimdadjokes,15163,1385
weeklyplanetpodcast,5783,341
CredibleDefense,19469,219
AlchemistCodeGL,5260,290
basset,4833,212
Tacoma,7646,247
Forex,27375,188
oddlyweird,12450,226
InternetCommentEtiq,11349,706
GFRIEND,4356,175
GearVR,28111,540
vintageads,21452,441
hayleywilliams,8913,309
SGExams,2574,84
GolfClash,6444,326
LofiHipHop,29334,901
uber,9559,153
fantasybaseball,42086,632
RelayForReddit,85030,1666
twitchplayspokemon,43072,4414
trapproduction,27042,330
evolutionReddit,13847,494
uselessredcircle,14031,2355
HaircareScience,41192,334
boostedboards,8025,243
FrugalFemaleFashion,39955,315
bikewrench,23044,231
FantasyWarTactics,4102,138
AskLEO,11446,1223
ConspiracyGrumps,6705,648
navyseals,4926,158
AlbumArtPorn,49847,819
phillies,14788,1130
jesuschristouija,6623,557
StarWarsForceArena,6640,301
arielwinter,30794,2793
DemiLovato,17036,2634
submarines,5690,210
tabletennis,11183,238
naturalbodybuilding,30451,217
Frenchbulldogs,7103,208
AutoDetailing,88418,785
BipolarReddit,21888,409
springfieldMO,4271,225
Splatoon_2,17455,446
UnexpectedHamilton,13408,1603
WeddingPhotography,9351,174
onebag,33592,1222
mtgaltered,12149,417
comicbookart,31388,467
noshitouija,8363,601
imveryedgy,7575,825
LegionFX,27835,4074
MacroPorn,84106,1732
justgamedevthings,5173,578
mauramurray,3753,62
PostWorldPowers,770,24
Monitors,28317,608
AskNetsec,38927,169
RandomKindness,57568,4176
ancientrome,22092,576
iastate,4513,423
TalesFromTheSquadCar,53603,3784
godot,8659,427
gunnerkrigg,2214,198
fairytail,30702,866
amputee,1297,233
proceduralgeneration,23208,679
spelunky,6892,641
Trivium,2261,182
ACT,8159,538
usenet,37426,390
PantheonMMO,6749,103
PS2Cobalt,1861,127
TeraOnline,25046,391
pointlesslygendered,7990,691
cardfightvanguard,5737,76
SpecArt,101196,752
TrueCrime,34231,872
longevity,16232,233
LeagueofFailures,18532,689
lgv20,7710,790
phenibut,8492,102
physicianassistant,6489,161
pearljam,9138,262
Bellingham,6889,281
kindle,38828,293
d100,13614,429
miraculousladybug,5310,338
earnhoney,5643,34
SlyGifs,108188,17222
bioniclelego,7158,792
InstLife,5746,564
MomorDaughter,8828,373
baseballcards,4022,132
fitbit,33682,3708
reloading,20268,461
cannabis,45632,673
gangplankmains,11292,593
himynameisjay,329,16
bulbasaurmasterrace,5626,581
ericprydz,5027,395
pebble,36032,1051
wolves,15505,549
fresno,4355,156
landscaping,22064,600
climateskeptics,8593,141
genesysrpg,1845,66
sailormoon,18034,1060
Montana,8818,3505
starwarstrader,3062,113
RandomActsOfGaming,69185,726
rangersfc,2231,73
JapaneseGameShows,82343,1596
Vans,7852,331
disability,8830,140
Crypto_Currency_News,43672,252
PixelCarRacer,3168,100
SamePictureOfLuke,84,65
TopGear,186284,25132
ukulele,29967,385
django,27600,248
upvoteexeggutor,15145,6469
yorickmains,3098,193
ledootgeneration,37208,26491
KittenMittens,9019,1705
Beatmatch,25187,158
vintageaudio,16703,315
drunkencookery,22226,422
OOTP,6264,209
Instagram,25742,311
ArtisanMacro,1792,143
AbyssRium,5081,233
churningcanada,5316,99
facebookdrama,22915,1274
shittyadviceanimals,17925,1234
rally,35021,957
motivation,50237,1371
SWORDS,19312,610
canon,13225,209
AhriMains,7099,186
topofreddit,14231,60050
ImaginaryHorrors,27895,699
TexasRangers,12341,1412
WindowsMR,3940,196
Patrig,9812,1199
policeuk,3622,278
goodmythicalmorning,4709,188
Ubiquiti,15686,212
SigSauer,12708,197
shittyideas,23503,760
education,64733,772
Every60Seconds,498,42
TrueCatholicPolitics,817,47
wholesomeprequelmemes,10819,1944
AntiTrumpAlliance,3602,4343
AdobeIllustrator,17190,615
lisathepainfulrpg,2511,162
PinkOmega,12659,511
Nanny,3815,120
BitcoinUK,7550,113
androidcirclejerk,13582,26906
ArtHistory,27550,403
Amry,3230,321
FeelsLikeTheFirstTime,42905,9052
gimlet,6620,302
Goldendoodles,5263,199
ENFP,16478,295
iran,13765,260
FireGuy12,3471,26431
dank_memes_archive,7597,138
SteamVR,14771,488
legostarwars,7987,389
boburnham,12858,1435
23andme,8369,261
EvelynnMains,3423,115
groestlcoin,6137,396
publix,3065,140
OpenChristian,8523,140
judo,14299,179
ImaginaryMonsterGirls,7190,304
climbharder,21144,209
dankmark,4121,318
Sleepycabin,12515,702
Runaways,2258,101
StarshipPorn,21281,1382
MysteryDungeon,6373,354
juxtaposition,23592,1359
iamveryculinary,5002,152
RachelRiley,8214,310
knowyourshit,19988,124
beadsprites,19181,1010
techtheatre,13517,286
OverwatchTMZ,7445,497
